ID,Original,Thubmnail,Width,Height
3-G-B-65_1,https://nakamura196.github.io/toyo_images/gazou/2009/三-G-B-65_1/1000/IMG0001/info.json,"https://nakamura196.github.io/toyo_images/gazou/2009/三-G-B-65_1/1000/IMG0001/full/125,/0/default.jpg",1000,786
3-G-B-65_1,https://nakamura196.github.io/toyo_images/gazou/2009/三-G-B-65_1/1000/IMG0002/info.json,"https://nakamura196.github.io/toyo_images/gazou/2009/三-G-B-65_1/1000/IMG0002/full/125,/0/default.jpg",1000,786
3-G-B-65_1,https://nakamura196.github.io/toyo_images/gazou/2009/三-G-B-65_1/1000/IMG0003/info.json,"https://nakamura196.github.io/toyo_images/gazou/2009/三-G-B-65_1/1000/IMG0003/full/125,/0/default.jpg",1000,786
3-G-B-65_1,https://nakamura196.github.io/toyo_images/gazou/2009/三-G-B-65_1/1000/IMG0004/info.json,"https://nakamura196.github.io/toyo_images/gazou/2009/三-G-B-65_1/1000/IMG0004/full/125,/0/default.jpg",1000,786
3-G-B-65_1,https://nakamura196.github.io/toyo_images/gazou/2009/三-G-B-65_1/1000/IMG0005/info.json,"https://nakamura196.github.io/toyo_images/gazou/2009/三-G-B-65_1/1000/IMG0005/full/125,/0/default.jpg",1000,786
3-G-B-65_1,https://nakamura196.github.io/toyo_images/gazou/2009/三-G-B-65_1/1000/IMG0006/info.json,"https://nakamura196.github.io/toyo_images/gazou/2009/三-G-B-65_1/1000/IMG0006/full/125,/0/default.jpg",1000,786
3-G-B-65_1,https://nakamura196.github.io/toyo_images/gazou/2009/三-G-B-65_1/1000/IMG0007/info.json,"https://nakamura196.github.io/toyo_images/gazou/2009/三-G-B-65_1/1000/IMG0007/full/125,/0/default.jpg",1000,786
3-G-B-65_1,https://nakamura196.github.io/toyo_images/gazou/2009/三-G-B-65_1/1000/IMG0008/info.json,"https://nakamura196.github.io/toyo_images/gazou/2009/三-G-B-65_1/1000/IMG0008/full/125,/0/default.jpg",1000,786
3-G-B-65_1,https://nakamura196.github.io/toyo_images/gazou/2009/三-G-B-65_1/1000/IMG0009/info.json,"https://nakamura196.github.io/toyo_images/gazou/2009/三-G-B-65_1/1000/IMG0009/full/125,/0/default.jpg",1000,786
3-G-B-65_1,https://nakamura196.github.io/toyo_images/gazou/2009/三-G-B-65_1/1000/IMG0010/info.json,"https://nakamura196.github.io/toyo_images/gazou/2009/三-G-B-65_1/1000/IMG0010/full/125,/0/default.jpg",1000,786
3-G-B-65_1,https://nakamura196.github.io/toyo_images/gazou/2009/三-G-B-65_1/1000/IMG0011/info.json,"https://nakamura196.github.io/toyo_images/gazou/2009/三-G-B-65_1/1000/IMG0011/full/125,/0/default.jpg",1000,786
3-G-B-65_1,https://nakamura196.github.io/toyo_images/gazou/2009/三-G-B-65_1/1000/IMG0012/info.json,"https://nakamura196.github.io/toyo_images/gazou/2009/三-G-B-65_1/1000/IMG0012/full/125,/0/default.jpg",1000,786
3-G-B-65_1,https://nakamura196.github.io/toyo_images/gazou/2009/三-G-B-65_1/1000/IMG0013/info.json,"https://nakamura196.github.io/toyo_images/gazou/2009/三-G-B-65_1/1000/IMG0013/full/125,/0/default.jpg",1000,786
3-G-B-65_1,https://nakamura196.github.io/toyo_images/gazou/2009/三-G-B-65_1/1000/IMG0014/info.json,"https://nakamura196.github.io/toyo_images/gazou/2009/三-G-B-65_1/1000/IMG0014/full/125,/0/default.jpg",1000,786
3-G-B-65_1,https://nakamura196.github.io/toyo_images/gazou/2009/三-G-B-65_1/1000/IMG0015/info.json,"https://nakamura196.github.io/toyo_images/gazou/2009/三-G-B-65_1/1000/IMG0015/full/125,/0/default.jpg",1000,786
3-G-B-65_1,https://nakamura196.github.io/toyo_images/gazou/2009/三-G-B-65_1/1000/IMG0016/info.json,"https://nakamura196.github.io/toyo_images/gazou/2009/三-G-B-65_1/1000/IMG0016/full/125,/0/default.jpg",1000,786
3-G-B-65_1,https://nakamura196.github.io/toyo_images/gazou/2009/三-G-B-65_1/1000/IMG0017/info.json,"https://nakamura196.github.io/toyo_images/gazou/2009/三-G-B-65_1/1000/IMG0017/full/125,/0/default.jpg",1000,786
3-G-B-65_1,https://nakamura196.github.io/toyo_images/gazou/2009/三-G-B-65_1/1000/IMG0018/info.json,"https://nakamura196.github.io/toyo_images/gazou/2009/三-G-B-65_1/1000/IMG0018/full/125,/0/default.jpg",1000,786
3-G-B-65_1,https://nakamura196.github.io/toyo_images/gazou/2009/三-G-B-65_1/1000/IMG0019/info.json,"https://nakamura196.github.io/toyo_images/gazou/2009/三-G-B-65_1/1000/IMG0019/full/125,/0/default.jpg",1000,786
3-G-B-65_2,https://nakamura196.github.io/toyo_images/gazou/2009/三-G-B-65_2/1000/IMG0001/info.json,"https://nakamura196.github.io/toyo_images/gazou/2009/三-G-B-65_2/1000/IMG0001/full/125,/0/default.jpg",1000,786
3-G-B-65_2,https://nakamura196.github.io/toyo_images/gazou/2009/三-G-B-65_2/1000/IMG0002/info.json,"https://nakamura196.github.io/toyo_images/gazou/2009/三-G-B-65_2/1000/IMG0002/full/125,/0/default.jpg",1000,786
3-G-B-65_2,https://nakamura196.github.io/toyo_images/gazou/2009/三-G-B-65_2/1000/IMG0003/info.json,"https://nakamura196.github.io/toyo_images/gazou/2009/三-G-B-65_2/1000/IMG0003/full/125,/0/default.jpg",1000,786
3-G-B-65_2,https://nakamura196.github.io/toyo_images/gazou/2009/三-G-B-65_2/1000/IMG0004/info.json,"https://nakamura196.github.io/toyo_images/gazou/2009/三-G-B-65_2/1000/IMG0004/full/125,/0/default.jpg",1000,786
3-G-B-65_2,https://nakamura196.github.io/toyo_images/gazou/2009/三-G-B-65_2/1000/IMG0005/info.json,"https://nakamura196.github.io/toyo_images/gazou/2009/三-G-B-65_2/1000/IMG0005/full/125,/0/default.jpg",1000,786
3-G-B-65_2,https://nakamura196.github.io/toyo_images/gazou/2009/三-G-B-65_2/1000/IMG0006/info.json,"https://nakamura196.github.io/toyo_images/gazou/2009/三-G-B-65_2/1000/IMG0006/full/125,/0/default.jpg",1000,786
3-G-B-65_2,https://nakamura196.github.io/toyo_images/gazou/2009/三-G-B-65_2/1000/IMG0007/info.json,"https://nakamura196.github.io/toyo_images/gazou/2009/三-G-B-65_2/1000/IMG0007/full/125,/0/default.jpg",1000,786
3-G-B-65_2,https://nakamura196.github.io/toyo_images/gazou/2009/三-G-B-65_2/1000/IMG0008/info.json,"https://nakamura196.github.io/toyo_images/gazou/2009/三-G-B-65_2/1000/IMG0008/full/125,/0/default.jpg",1000,786
3-G-B-65_2,https://nakamura196.github.io/toyo_images/gazou/2009/三-G-B-65_2/1000/IMG0009/info.json,"https://nakamura196.github.io/toyo_images/gazou/2009/三-G-B-65_2/1000/IMG0009/full/125,/0/default.jpg",1000,786
3-G-B-65_2,https://nakamura196.github.io/toyo_images/gazou/2009/三-G-B-65_2/1000/IMG0010/info.json,"https://nakamura196.github.io/toyo_images/gazou/2009/三-G-B-65_2/1000/IMG0010/full/125,/0/default.jpg",1000,786
3-G-B-65_2,https://nakamura196.github.io/toyo_images/gazou/2009/三-G-B-65_2/1000/IMG0011/info.json,"https://nakamura196.github.io/toyo_images/gazou/2009/三-G-B-65_2/1000/IMG0011/full/125,/0/default.jpg",1000,786
3-G-B-65_2,https://nakamura196.github.io/toyo_images/gazou/2009/三-G-B-65_2/1000/IMG0012/info.json,"https://nakamura196.github.io/toyo_images/gazou/2009/三-G-B-65_2/1000/IMG0012/full/125,/0/default.jpg",1000,786
3-G-B-65_2,https://nakamura196.github.io/toyo_images/gazou/2009/三-G-B-65_2/1000/IMG0013/info.json,"https://nakamura196.github.io/toyo_images/gazou/2009/三-G-B-65_2/1000/IMG0013/full/125,/0/default.jpg",1000,786
3-G-B-65_2,https://nakamura196.github.io/toyo_images/gazou/2009/三-G-B-65_2/1000/IMG0014/info.json,"https://nakamura196.github.io/toyo_images/gazou/2009/三-G-B-65_2/1000/IMG0014/full/125,/0/default.jpg",1000,786
3-G-B-65_2,https://nakamura196.github.io/toyo_images/gazou/2009/三-G-B-65_2/1000/IMG0015/info.json,"https://nakamura196.github.io/toyo_images/gazou/2009/三-G-B-65_2/1000/IMG0015/full/125,/0/default.jpg",1000,786
3-G-B-65_2,https://nakamura196.github.io/toyo_images/gazou/2009/三-G-B-65_2/1000/IMG0016/info.json,"https://nakamura196.github.io/toyo_images/gazou/2009/三-G-B-65_2/1000/IMG0016/full/125,/0/default.jpg",1000,786
3-G-B-65_2,https://nakamura196.github.io/toyo_images/gazou/2009/三-G-B-65_2/1000/IMG0017/info.json,"https://nakamura196.github.io/toyo_images/gazou/2009/三-G-B-65_2/1000/IMG0017/full/125,/0/default.jpg",1000,786
3-G-B-65_2,https://nakamura196.github.io/toyo_images/gazou/2009/三-G-B-65_2/1000/IMG0018/info.json,"https://nakamura196.github.io/toyo_images/gazou/2009/三-G-B-65_2/1000/IMG0018/full/125,/0/default.jpg",1000,786
3-G-B-65_2,https://nakamura196.github.io/toyo_images/gazou/2009/三-G-B-65_2/1000/IMG0019/info.json,"https://nakamura196.github.io/toyo_images/gazou/2009/三-G-B-65_2/1000/IMG0019/full/125,/0/default.jpg",1000,786
3-G-B-74_1,https://nakamura196.github.io/toyo_images/gazou/2009/三-G-B-74_1/1000/IMG0001/info.json,"https://nakamura196.github.io/toyo_images/gazou/2009/三-G-B-74_1/1000/IMG0001/full/125,/0/default.jpg",1000,1273
3-G-B-74_1,https://nakamura196.github.io/toyo_images/gazou/2009/三-G-B-74_1/1000/IMG0002/info.json,"https://nakamura196.github.io/toyo_images/gazou/2009/三-G-B-74_1/1000/IMG0002/full/125,/0/default.jpg",1000,1273
3-G-B-74_1,https://nakamura196.github.io/toyo_images/gazou/2009/三-G-B-74_1/1000/IMG0003/info.json,"https://nakamura196.github.io/toyo_images/gazou/2009/三-G-B-74_1/1000/IMG0003/full/125,/0/default.jpg",1000,1273
3-G-B-74_1,https://nakamura196.github.io/toyo_images/gazou/2009/三-G-B-74_1/1000/IMG0004/info.json,"https://nakamura196.github.io/toyo_images/gazou/2009/三-G-B-74_1/1000/IMG0004/full/125,/0/default.jpg",1000,1273
3-G-B-74_1,https://nakamura196.github.io/toyo_images/gazou/2009/三-G-B-74_1/1000/IMG0005/info.json,"https://nakamura196.github.io/toyo_images/gazou/2009/三-G-B-74_1/1000/IMG0005/full/125,/0/default.jpg",1000,1273
3-G-B-74_1,https://nakamura196.github.io/toyo_images/gazou/2009/三-G-B-74_1/1000/IMG0006/info.json,"https://nakamura196.github.io/toyo_images/gazou/2009/三-G-B-74_1/1000/IMG0006/full/125,/0/default.jpg",1000,1273
3-G-B-74_1,https://nakamura196.github.io/toyo_images/gazou/2009/三-G-B-74_1/1000/IMG0007/info.json,"https://nakamura196.github.io/toyo_images/gazou/2009/三-G-B-74_1/1000/IMG0007/full/125,/0/default.jpg",1000,1273
3-G-B-74_1,https://nakamura196.github.io/toyo_images/gazou/2009/三-G-B-74_1/1000/IMG0008/info.json,"https://nakamura196.github.io/toyo_images/gazou/2009/三-G-B-74_1/1000/IMG0008/full/125,/0/default.jpg",1000,1273
3-G-B-74_1,https://nakamura196.github.io/toyo_images/gazou/2009/三-G-B-74_1/1000/IMG0009/info.json,"https://nakamura196.github.io/toyo_images/gazou/2009/三-G-B-74_1/1000/IMG0009/full/125,/0/default.jpg",1000,1273
3-G-B-74_1,https://nakamura196.github.io/toyo_images/gazou/2009/三-G-B-74_1/1000/IMG0010/info.json,"https://nakamura196.github.io/toyo_images/gazou/2009/三-G-B-74_1/1000/IMG0010/full/125,/0/default.jpg",1000,1273
3-G-B-74_1,https://nakamura196.github.io/toyo_images/gazou/2009/三-G-B-74_1/1000/IMG0011/info.json,"https://nakamura196.github.io/toyo_images/gazou/2009/三-G-B-74_1/1000/IMG0011/full/125,/0/default.jpg",1000,786
3-G-B-74_1,https://nakamura196.github.io/toyo_images/gazou/2009/三-G-B-74_1/1000/IMG0012/info.json,"https://nakamura196.github.io/toyo_images/gazou/2009/三-G-B-74_1/1000/IMG0012/full/125,/0/default.jpg",1000,1273
3-G-B-74_1,https://nakamura196.github.io/toyo_images/gazou/2009/三-G-B-74_1/1000/IMG0013/info.json,"https://nakamura196.github.io/toyo_images/gazou/2009/三-G-B-74_1/1000/IMG0013/full/125,/0/default.jpg",1000,1273
3-G-B-74_1,https://nakamura196.github.io/toyo_images/gazou/2009/三-G-B-74_1/1000/IMG0014/info.json,"https://nakamura196.github.io/toyo_images/gazou/2009/三-G-B-74_1/1000/IMG0014/full/125,/0/default.jpg",1000,1273
3-G-B-74_1,https://nakamura196.github.io/toyo_images/gazou/2009/三-G-B-74_1/1000/IMG0015/info.json,"https://nakamura196.github.io/toyo_images/gazou/2009/三-G-B-74_1/1000/IMG0015/full/125,/0/default.jpg",1000,1273
3-G-B-74_1,https://nakamura196.github.io/toyo_images/gazou/2009/三-G-B-74_1/1000/IMG0016/info.json,"https://nakamura196.github.io/toyo_images/gazou/2009/三-G-B-74_1/1000/IMG0016/full/125,/0/default.jpg",1000,1273
3-G-B-74_1,https://nakamura196.github.io/toyo_images/gazou/2009/三-G-B-74_1/1000/IMG0017/info.json,"https://nakamura196.github.io/toyo_images/gazou/2009/三-G-B-74_1/1000/IMG0017/full/125,/0/default.jpg",1000,1273
3-G-B-74_1,https://nakamura196.github.io/toyo_images/gazou/2009/三-G-B-74_1/1000/IMG0018/info.json,"https://nakamura196.github.io/toyo_images/gazou/2009/三-G-B-74_1/1000/IMG0018/full/125,/0/default.jpg",1000,1273
3-G-B-74_1,https://nakamura196.github.io/toyo_images/gazou/2009/三-G-B-74_1/1000/IMG0019/info.json,"https://nakamura196.github.io/toyo_images/gazou/2009/三-G-B-74_1/1000/IMG0019/full/125,/0/default.jpg",1000,1273
3-G-B-74_1,https://nakamura196.github.io/toyo_images/gazou/2009/三-G-B-74_1/1000/IMG0020/info.json,"https://nakamura196.github.io/toyo_images/gazou/2009/三-G-B-74_1/1000/IMG0020/full/125,/0/default.jpg",1000,1273
3-G-B-74_1,https://nakamura196.github.io/toyo_images/gazou/2009/三-G-B-74_1/1000/IMG0021/info.json,"https://nakamura196.github.io/toyo_images/gazou/2009/三-G-B-74_1/1000/IMG0021/full/125,/0/default.jpg",1000,1273
3-G-B-74_1,https://nakamura196.github.io/toyo_images/gazou/2009/三-G-B-74_1/1000/IMG0022/info.json,"https://nakamura196.github.io/toyo_images/gazou/2009/三-G-B-74_1/1000/IMG0022/full/125,/0/default.jpg",1000,1273
3-G-B-74_1,https://nakamura196.github.io/toyo_images/gazou/2009/三-G-B-74_1/1000/IMG0023/info.json,"https://nakamura196.github.io/toyo_images/gazou/2009/三-G-B-74_1/1000/IMG0023/full/125,/0/default.jpg",1000,1273
3-G-B-74_1,https://nakamura196.github.io/toyo_images/gazou/2009/三-G-B-74_1/1000/IMG0024/info.json,"https://nakamura196.github.io/toyo_images/gazou/2009/三-G-B-74_1/1000/IMG0024/full/125,/0/default.jpg",1000,1273
3-G-B-74_1,https://nakamura196.github.io/toyo_images/gazou/2009/三-G-B-74_1/1000/IMG0025/info.json,"https://nakamura196.github.io/toyo_images/gazou/2009/三-G-B-74_1/1000/IMG0025/full/125,/0/default.jpg",1000,1273
3-G-B-74_1,https://nakamura196.github.io/toyo_images/gazou/2009/三-G-B-74_1/1000/IMG0026/info.json,"https://nakamura196.github.io/toyo_images/gazou/2009/三-G-B-74_1/1000/IMG0026/full/125,/0/default.jpg",1000,1273
3-G-B-74_1,https://nakamura196.github.io/toyo_images/gazou/2009/三-G-B-74_1/1000/IMG0027/info.json,"https://nakamura196.github.io/toyo_images/gazou/2009/三-G-B-74_1/1000/IMG0027/full/125,/0/default.jpg",1000,1273
3-G-B-74_1,https://nakamura196.github.io/toyo_images/gazou/2009/三-G-B-74_1/1000/IMG0028/info.json,"https://nakamura196.github.io/toyo_images/gazou/2009/三-G-B-74_1/1000/IMG0028/full/125,/0/default.jpg",1000,1273
3-G-B-74_1,https://nakamura196.github.io/toyo_images/gazou/2009/三-G-B-74_1/1000/IMG0029/info.json,"https://nakamura196.github.io/toyo_images/gazou/2009/三-G-B-74_1/1000/IMG0029/full/125,/0/default.jpg",1000,1273
3-G-B-74_1,https://nakamura196.github.io/toyo_images/gazou/2009/三-G-B-74_1/1000/IMG0030/info.json,"https://nakamura196.github.io/toyo_images/gazou/2009/三-G-B-74_1/1000/IMG0030/full/125,/0/default.jpg",1000,1273
3-G-B-74_2,https://nakamura196.github.io/toyo_images/gazou/2009/三-G-B-74_2/1000/IMG0001/info.json,"https://nakamura196.github.io/toyo_images/gazou/2009/三-G-B-74_2/1000/IMG0001/full/125,/0/default.jpg",1000,1273
3-G-B-74_2,https://nakamura196.github.io/toyo_images/gazou/2009/三-G-B-74_2/1000/IMG0002/info.json,"https://nakamura196.github.io/toyo_images/gazou/2009/三-G-B-74_2/1000/IMG0002/full/125,/0/default.jpg",1000,1273
3-G-B-74_2,https://nakamura196.github.io/toyo_images/gazou/2009/三-G-B-74_2/1000/IMG0003/info.json,"https://nakamura196.github.io/toyo_images/gazou/2009/三-G-B-74_2/1000/IMG0003/full/125,/0/default.jpg",1000,1273
3-G-B-74_2,https://nakamura196.github.io/toyo_images/gazou/2009/三-G-B-74_2/1000/IMG0004/info.json,"https://nakamura196.github.io/toyo_images/gazou/2009/三-G-B-74_2/1000/IMG0004/full/125,/0/default.jpg",1000,1273
3-G-B-74_2,https://nakamura196.github.io/toyo_images/gazou/2009/三-G-B-74_2/1000/IMG0005/info.json,"https://nakamura196.github.io/toyo_images/gazou/2009/三-G-B-74_2/1000/IMG0005/full/125,/0/default.jpg",1000,1273
3-G-B-74_2,https://nakamura196.github.io/toyo_images/gazou/2009/三-G-B-74_2/1000/IMG0006/info.json,"https://nakamura196.github.io/toyo_images/gazou/2009/三-G-B-74_2/1000/IMG0006/full/125,/0/default.jpg",1000,1273
3-G-B-74_2,https://nakamura196.github.io/toyo_images/gazou/2009/三-G-B-74_2/1000/IMG0007/info.json,"https://nakamura196.github.io/toyo_images/gazou/2009/三-G-B-74_2/1000/IMG0007/full/125,/0/default.jpg",1000,1273
3-G-B-74_2,https://nakamura196.github.io/toyo_images/gazou/2009/三-G-B-74_2/1000/IMG0008/info.json,"https://nakamura196.github.io/toyo_images/gazou/2009/三-G-B-74_2/1000/IMG0008/full/125,/0/default.jpg",1000,1273
3-G-B-74_2,https://nakamura196.github.io/toyo_images/gazou/2009/三-G-B-74_2/1000/IMG0009/info.json,"https://nakamura196.github.io/toyo_images/gazou/2009/三-G-B-74_2/1000/IMG0009/full/125,/0/default.jpg",1000,1273
3-G-B-74_2,https://nakamura196.github.io/toyo_images/gazou/2009/三-G-B-74_2/1000/IMG0010/info.json,"https://nakamura196.github.io/toyo_images/gazou/2009/三-G-B-74_2/1000/IMG0010/full/125,/0/default.jpg",1000,1273
3-G-B-74_2,https://nakamura196.github.io/toyo_images/gazou/2009/三-G-B-74_2/1000/IMG0011/info.json,"https://nakamura196.github.io/toyo_images/gazou/2009/三-G-B-74_2/1000/IMG0011/full/125,/0/default.jpg",1000,1273
3-G-B-74_2,https://nakamura196.github.io/toyo_images/gazou/2009/三-G-B-74_2/1000/IMG0012/info.json,"https://nakamura196.github.io/toyo_images/gazou/2009/三-G-B-74_2/1000/IMG0012/full/125,/0/default.jpg",1000,1273
3-G-B-74_2,https://nakamura196.github.io/toyo_images/gazou/2009/三-G-B-74_2/1000/IMG0013/info.json,"https://nakamura196.github.io/toyo_images/gazou/2009/三-G-B-74_2/1000/IMG0013/full/125,/0/default.jpg",1000,1273
3-G-B-74_2,https://nakamura196.github.io/toyo_images/gazou/2009/三-G-B-74_2/1000/IMG0014/info.json,"https://nakamura196.github.io/toyo_images/gazou/2009/三-G-B-74_2/1000/IMG0014/full/125,/0/default.jpg",1000,1273
3-G-B-74_2,https://nakamura196.github.io/toyo_images/gazou/2009/三-G-B-74_2/1000/IMG0015/info.json,"https://nakamura196.github.io/toyo_images/gazou/2009/三-G-B-74_2/1000/IMG0015/full/125,/0/default.jpg",1000,1273
3-G-B-74_2,https://nakamura196.github.io/toyo_images/gazou/2009/三-G-B-74_2/1000/IMG0016/info.json,"https://nakamura196.github.io/toyo_images/gazou/2009/三-G-B-74_2/1000/IMG0016/full/125,/0/default.jpg",1000,786
3-G-B-74_2,https://nakamura196.github.io/toyo_images/gazou/2009/三-G-B-74_2/1000/IMG0017/info.json,"https://nakamura196.github.io/toyo_images/gazou/2009/三-G-B-74_2/1000/IMG0017/full/125,/0/default.jpg",1000,1273
3-G-B-74_2,https://nakamura196.github.io/toyo_images/gazou/2009/三-G-B-74_2/1000/IMG0018/info.json,"https://nakamura196.github.io/toyo_images/gazou/2009/三-G-B-74_2/1000/IMG0018/full/125,/0/default.jpg",1000,1273
3-G-B-74_2,https://nakamura196.github.io/toyo_images/gazou/2009/三-G-B-74_2/1000/IMG0019/info.json,"https://nakamura196.github.io/toyo_images/gazou/2009/三-G-B-74_2/1000/IMG0019/full/125,/0/default.jpg",1000,1273
3-G-B-74_2,https://nakamura196.github.io/toyo_images/gazou/2009/三-G-B-74_2/1000/IMG0020/info.json,"https://nakamura196.github.io/toyo_images/gazou/2009/三-G-B-74_2/1000/IMG0020/full/125,/0/default.jpg",1000,786
3-G-B-74_2,https://nakamura196.github.io/toyo_images/gazou/2009/三-G-B-74_2/1000/IMG0021/info.json,"https://nakamura196.github.io/toyo_images/gazou/2009/三-G-B-74_2/1000/IMG0021/full/125,/0/default.jpg",1000,786
3-G-B-74_2,https://nakamura196.github.io/toyo_images/gazou/2009/三-G-B-74_2/1000/IMG0022/info.json,"https://nakamura196.github.io/toyo_images/gazou/2009/三-G-B-74_2/1000/IMG0022/full/125,/0/default.jpg",1000,786
3-G-B-74_2,https://nakamura196.github.io/toyo_images/gazou/2009/三-G-B-74_2/1000/IMG0023/info.json,"https://nakamura196.github.io/toyo_images/gazou/2009/三-G-B-74_2/1000/IMG0023/full/125,/0/default.jpg",1000,1273
3-G-B-74_2,https://nakamura196.github.io/toyo_images/gazou/2009/三-G-B-74_2/1000/IMG0024/info.json,"https://nakamura196.github.io/toyo_images/gazou/2009/三-G-B-74_2/1000/IMG0024/full/125,/0/default.jpg",1000,1273
3-G-B-74_2,https://nakamura196.github.io/toyo_images/gazou/2009/三-G-B-74_2/1000/IMG0025/info.json,"https://nakamura196.github.io/toyo_images/gazou/2009/三-G-B-74_2/1000/IMG0025/full/125,/0/default.jpg",1000,1273
3-G-B-74_2,https://nakamura196.github.io/toyo_images/gazou/2009/三-G-B-74_2/1000/IMG0026/info.json,"https://nakamura196.github.io/toyo_images/gazou/2009/三-G-B-74_2/1000/IMG0026/full/125,/0/default.jpg",1000,1273
3_F_a_ro_10_01,https://nakamura196.github.io/toyo_images/gazou/2009/3_F_a_ro_10/01/1000/3_F_a_ro_10_01_001/info.json,"https://nakamura196.github.io/toyo_images/gazou/2009/3_F_a_ro_10/01/1000/3_F_a_ro_10_01_001/full/125,/0/default.jpg",1000,792
3_F_a_ro_10_01,https://nakamura196.github.io/toyo_images/gazou/2009/3_F_a_ro_10/01/1000/3_F_a_ro_10_01_002/info.json,"https://nakamura196.github.io/toyo_images/gazou/2009/3_F_a_ro_10/01/1000/3_F_a_ro_10_01_002/full/125,/0/default.jpg",1000,792
3_F_a_ro_10_01,https://nakamura196.github.io/toyo_images/gazou/2009/3_F_a_ro_10/01/1000/3_F_a_ro_10_01_003/info.json,"https://nakamura196.github.io/toyo_images/gazou/2009/3_F_a_ro_10/01/1000/3_F_a_ro_10_01_003/full/125,/0/default.jpg",1000,792
3_F_a_ro_10_01,https://nakamura196.github.io/toyo_images/gazou/2009/3_F_a_ro_10/01/1000/3_F_a_ro_10_01_004/info.json,"https://nakamura196.github.io/toyo_images/gazou/2009/3_F_a_ro_10/01/1000/3_F_a_ro_10_01_004/full/125,/0/default.jpg",1000,792
3_F_a_ro_10_01,https://nakamura196.github.io/toyo_images/gazou/2009/3_F_a_ro_10/01/1000/3_F_a_ro_10_01_005/info.json,"https://nakamura196.github.io/toyo_images/gazou/2009/3_F_a_ro_10/01/1000/3_F_a_ro_10_01_005/full/125,/0/default.jpg",1000,792
3_F_a_ro_10_01,https://nakamura196.github.io/toyo_images/gazou/2009/3_F_a_ro_10/01/1000/3_F_a_ro_10_01_006/info.json,"https://nakamura196.github.io/toyo_images/gazou/2009/3_F_a_ro_10/01/1000/3_F_a_ro_10_01_006/full/125,/0/default.jpg",1000,792
3_F_a_ro_10_01,https://nakamura196.github.io/toyo_images/gazou/2009/3_F_a_ro_10/01/1000/3_F_a_ro_10_01_007/info.json,"https://nakamura196.github.io/toyo_images/gazou/2009/3_F_a_ro_10/01/1000/3_F_a_ro_10_01_007/full/125,/0/default.jpg",1000,792
3_F_a_ro_10_01,https://nakamura196.github.io/toyo_images/gazou/2009/3_F_a_ro_10/01/1000/3_F_a_ro_10_01_008/info.json,"https://nakamura196.github.io/toyo_images/gazou/2009/3_F_a_ro_10/01/1000/3_F_a_ro_10_01_008/full/125,/0/default.jpg",1000,792
3_F_a_ro_10_01,https://nakamura196.github.io/toyo_images/gazou/2009/3_F_a_ro_10/01/1000/3_F_a_ro_10_01_009/info.json,"https://nakamura196.github.io/toyo_images/gazou/2009/3_F_a_ro_10/01/1000/3_F_a_ro_10_01_009/full/125,/0/default.jpg",1000,792
3_F_a_ro_10_01,https://nakamura196.github.io/toyo_images/gazou/2009/3_F_a_ro_10/01/1000/3_F_a_ro_10_01_010/info.json,"https://nakamura196.github.io/toyo_images/gazou/2009/3_F_a_ro_10/01/1000/3_F_a_ro_10_01_010/full/125,/0/default.jpg",1000,792
3_F_a_ro_10_01,https://nakamura196.github.io/toyo_images/gazou/2009/3_F_a_ro_10/01/1000/3_F_a_ro_10_01_011/info.json,"https://nakamura196.github.io/toyo_images/gazou/2009/3_F_a_ro_10/01/1000/3_F_a_ro_10_01_011/full/125,/0/default.jpg",1000,792
3_F_a_ro_10_01,https://nakamura196.github.io/toyo_images/gazou/2009/3_F_a_ro_10/01/1000/3_F_a_ro_10_01_012/info.json,"https://nakamura196.github.io/toyo_images/gazou/2009/3_F_a_ro_10/01/1000/3_F_a_ro_10_01_012/full/125,/0/default.jpg",1000,792
3_F_a_ro_10_01,https://nakamura196.github.io/toyo_images/gazou/2009/3_F_a_ro_10/01/1000/3_F_a_ro_10_01_013/info.json,"https://nakamura196.github.io/toyo_images/gazou/2009/3_F_a_ro_10/01/1000/3_F_a_ro_10_01_013/full/125,/0/default.jpg",1000,792
3_F_a_ro_10_01,https://nakamura196.github.io/toyo_images/gazou/2009/3_F_a_ro_10/01/1000/3_F_a_ro_10_01_014/info.json,"https://nakamura196.github.io/toyo_images/gazou/2009/3_F_a_ro_10/01/1000/3_F_a_ro_10_01_014/full/125,/0/default.jpg",1000,792
3_F_a_ro_10_01,https://nakamura196.github.io/toyo_images/gazou/2009/3_F_a_ro_10/01/1000/3_F_a_ro_10_01_015/info.json,"https://nakamura196.github.io/toyo_images/gazou/2009/3_F_a_ro_10/01/1000/3_F_a_ro_10_01_015/full/125,/0/default.jpg",1000,792
3_F_a_ro_10_01,https://nakamura196.github.io/toyo_images/gazou/2009/3_F_a_ro_10/01/1000/3_F_a_ro_10_01_016/info.json,"https://nakamura196.github.io/toyo_images/gazou/2009/3_F_a_ro_10/01/1000/3_F_a_ro_10_01_016/full/125,/0/default.jpg",1000,792
3_F_a_ro_10_01,https://nakamura196.github.io/toyo_images/gazou/2009/3_F_a_ro_10/01/1000/3_F_a_ro_10_01_017/info.json,"https://nakamura196.github.io/toyo_images/gazou/2009/3_F_a_ro_10/01/1000/3_F_a_ro_10_01_017/full/125,/0/default.jpg",1000,792
3_F_a_ro_10_01,https://nakamura196.github.io/toyo_images/gazou/2009/3_F_a_ro_10/01/1000/3_F_a_ro_10_01_018/info.json,"https://nakamura196.github.io/toyo_images/gazou/2009/3_F_a_ro_10/01/1000/3_F_a_ro_10_01_018/full/125,/0/default.jpg",1000,792
3_F_a_ro_10_01,https://nakamura196.github.io/toyo_images/gazou/2009/3_F_a_ro_10/01/1000/3_F_a_ro_10_01_019/info.json,"https://nakamura196.github.io/toyo_images/gazou/2009/3_F_a_ro_10/01/1000/3_F_a_ro_10_01_019/full/125,/0/default.jpg",1000,792
3_F_a_ro_10_01,https://nakamura196.github.io/toyo_images/gazou/2009/3_F_a_ro_10/01/1000/3_F_a_ro_10_01_020/info.json,"https://nakamura196.github.io/toyo_images/gazou/2009/3_F_a_ro_10/01/1000/3_F_a_ro_10_01_020/full/125,/0/default.jpg",1000,792
3_F_a_ro_10_01,https://nakamura196.github.io/toyo_images/gazou/2009/3_F_a_ro_10/01/1000/3_F_a_ro_10_01_021/info.json,"https://nakamura196.github.io/toyo_images/gazou/2009/3_F_a_ro_10/01/1000/3_F_a_ro_10_01_021/full/125,/0/default.jpg",1000,792
3_F_a_ro_10_01,https://nakamura196.github.io/toyo_images/gazou/2009/3_F_a_ro_10/01/1000/3_F_a_ro_10_01_022/info.json,"https://nakamura196.github.io/toyo_images/gazou/2009/3_F_a_ro_10/01/1000/3_F_a_ro_10_01_022/full/125,/0/default.jpg",1000,792
3_F_a_ro_10_01,https://nakamura196.github.io/toyo_images/gazou/2009/3_F_a_ro_10/01/1000/3_F_a_ro_10_01_023/info.json,"https://nakamura196.github.io/toyo_images/gazou/2009/3_F_a_ro_10/01/1000/3_F_a_ro_10_01_023/full/125,/0/default.jpg",1000,792
3_F_a_ro_10_01,https://nakamura196.github.io/toyo_images/gazou/2009/3_F_a_ro_10/01/1000/3_F_a_ro_10_01_024/info.json,"https://nakamura196.github.io/toyo_images/gazou/2009/3_F_a_ro_10/01/1000/3_F_a_ro_10_01_024/full/125,/0/default.jpg",1000,792
3_F_a_ro_10_01,https://nakamura196.github.io/toyo_images/gazou/2009/3_F_a_ro_10/01/1000/3_F_a_ro_10_01_025/info.json,"https://nakamura196.github.io/toyo_images/gazou/2009/3_F_a_ro_10/01/1000/3_F_a_ro_10_01_025/full/125,/0/default.jpg",1000,792
3_F_a_ro_10_01,https://nakamura196.github.io/toyo_images/gazou/2009/3_F_a_ro_10/01/1000/3_F_a_ro_10_01_026/info.json,"https://nakamura196.github.io/toyo_images/gazou/2009/3_F_a_ro_10/01/1000/3_F_a_ro_10_01_026/full/125,/0/default.jpg",1000,792
3_F_a_ro_10_01,https://nakamura196.github.io/toyo_images/gazou/2009/3_F_a_ro_10/01/1000/3_F_a_ro_10_01_027/info.json,"https://nakamura196.github.io/toyo_images/gazou/2009/3_F_a_ro_10/01/1000/3_F_a_ro_10_01_027/full/125,/0/default.jpg",1000,792
3_F_a_ro_10_02,https://nakamura196.github.io/toyo_images/gazou/2009/3_F_a_ro_10/02/1000/3_F_a_ro_10_02_001/info.json,"https://nakamura196.github.io/toyo_images/gazou/2009/3_F_a_ro_10/02/1000/3_F_a_ro_10_02_001/full/125,/0/default.jpg",1000,792
3_F_a_ro_10_02,https://nakamura196.github.io/toyo_images/gazou/2009/3_F_a_ro_10/02/1000/3_F_a_ro_10_02_002/info.json,"https://nakamura196.github.io/toyo_images/gazou/2009/3_F_a_ro_10/02/1000/3_F_a_ro_10_02_002/full/125,/0/default.jpg",1000,792
3_F_a_ro_10_02,https://nakamura196.github.io/toyo_images/gazou/2009/3_F_a_ro_10/02/1000/3_F_a_ro_10_02_003/info.json,"https://nakamura196.github.io/toyo_images/gazou/2009/3_F_a_ro_10/02/1000/3_F_a_ro_10_02_003/full/125,/0/default.jpg",1000,792
3_F_a_ro_10_02,https://nakamura196.github.io/toyo_images/gazou/2009/3_F_a_ro_10/02/1000/3_F_a_ro_10_02_004/info.json,"https://nakamura196.github.io/toyo_images/gazou/2009/3_F_a_ro_10/02/1000/3_F_a_ro_10_02_004/full/125,/0/default.jpg",1000,792
3_F_a_ro_10_02,https://nakamura196.github.io/toyo_images/gazou/2009/3_F_a_ro_10/02/1000/3_F_a_ro_10_02_005/info.json,"https://nakamura196.github.io/toyo_images/gazou/2009/3_F_a_ro_10/02/1000/3_F_a_ro_10_02_005/full/125,/0/default.jpg",1000,792
3_F_a_ro_10_02,https://nakamura196.github.io/toyo_images/gazou/2009/3_F_a_ro_10/02/1000/3_F_a_ro_10_02_006/info.json,"https://nakamura196.github.io/toyo_images/gazou/2009/3_F_a_ro_10/02/1000/3_F_a_ro_10_02_006/full/125,/0/default.jpg",1000,792
3_F_a_ro_10_02,https://nakamura196.github.io/toyo_images/gazou/2009/3_F_a_ro_10/02/1000/3_F_a_ro_10_02_007/info.json,"https://nakamura196.github.io/toyo_images/gazou/2009/3_F_a_ro_10/02/1000/3_F_a_ro_10_02_007/full/125,/0/default.jpg",1000,792
3_F_a_ro_10_02,https://nakamura196.github.io/toyo_images/gazou/2009/3_F_a_ro_10/02/1000/3_F_a_ro_10_02_008/info.json,"https://nakamura196.github.io/toyo_images/gazou/2009/3_F_a_ro_10/02/1000/3_F_a_ro_10_02_008/full/125,/0/default.jpg",1000,792
3_F_a_ro_10_02,https://nakamura196.github.io/toyo_images/gazou/2009/3_F_a_ro_10/02/1000/3_F_a_ro_10_02_009/info.json,"https://nakamura196.github.io/toyo_images/gazou/2009/3_F_a_ro_10/02/1000/3_F_a_ro_10_02_009/full/125,/0/default.jpg",1000,792
3_F_a_ro_10_02,https://nakamura196.github.io/toyo_images/gazou/2009/3_F_a_ro_10/02/1000/3_F_a_ro_10_02_010/info.json,"https://nakamura196.github.io/toyo_images/gazou/2009/3_F_a_ro_10/02/1000/3_F_a_ro_10_02_010/full/125,/0/default.jpg",1000,792
3_F_a_ro_10_02,https://nakamura196.github.io/toyo_images/gazou/2009/3_F_a_ro_10/02/1000/3_F_a_ro_10_02_011/info.json,"https://nakamura196.github.io/toyo_images/gazou/2009/3_F_a_ro_10/02/1000/3_F_a_ro_10_02_011/full/125,/0/default.jpg",1000,792
3_F_a_ro_10_02,https://nakamura196.github.io/toyo_images/gazou/2009/3_F_a_ro_10/02/1000/3_F_a_ro_10_02_012/info.json,"https://nakamura196.github.io/toyo_images/gazou/2009/3_F_a_ro_10/02/1000/3_F_a_ro_10_02_012/full/125,/0/default.jpg",1000,792
3_F_a_ro_10_02,https://nakamura196.github.io/toyo_images/gazou/2009/3_F_a_ro_10/02/1000/3_F_a_ro_10_02_013/info.json,"https://nakamura196.github.io/toyo_images/gazou/2009/3_F_a_ro_10/02/1000/3_F_a_ro_10_02_013/full/125,/0/default.jpg",1000,792
3_F_a_ro_10_02,https://nakamura196.github.io/toyo_images/gazou/2009/3_F_a_ro_10/02/1000/3_F_a_ro_10_02_014/info.json,"https://nakamura196.github.io/toyo_images/gazou/2009/3_F_a_ro_10/02/1000/3_F_a_ro_10_02_014/full/125,/0/default.jpg",1000,792
3_F_a_ro_10_02,https://nakamura196.github.io/toyo_images/gazou/2009/3_F_a_ro_10/02/1000/3_F_a_ro_10_02_015/info.json,"https://nakamura196.github.io/toyo_images/gazou/2009/3_F_a_ro_10/02/1000/3_F_a_ro_10_02_015/full/125,/0/default.jpg",1000,792
3_F_a_ro_10_02,https://nakamura196.github.io/toyo_images/gazou/2009/3_F_a_ro_10/02/1000/3_F_a_ro_10_02_016/info.json,"https://nakamura196.github.io/toyo_images/gazou/2009/3_F_a_ro_10/02/1000/3_F_a_ro_10_02_016/full/125,/0/default.jpg",1000,792
3_F_a_ro_10_02,https://nakamura196.github.io/toyo_images/gazou/2009/3_F_a_ro_10/02/1000/3_F_a_ro_10_02_017/info.json,"https://nakamura196.github.io/toyo_images/gazou/2009/3_F_a_ro_10/02/1000/3_F_a_ro_10_02_017/full/125,/0/default.jpg",1000,792
3_F_a_ro_10_02,https://nakamura196.github.io/toyo_images/gazou/2009/3_F_a_ro_10/02/1000/3_F_a_ro_10_02_018/info.json,"https://nakamura196.github.io/toyo_images/gazou/2009/3_F_a_ro_10/02/1000/3_F_a_ro_10_02_018/full/125,/0/default.jpg",1000,792
3_F_a_ro_10_02,https://nakamura196.github.io/toyo_images/gazou/2009/3_F_a_ro_10/02/1000/3_F_a_ro_10_02_019/info.json,"https://nakamura196.github.io/toyo_images/gazou/2009/3_F_a_ro_10/02/1000/3_F_a_ro_10_02_019/full/125,/0/default.jpg",1000,792
3_F_a_ro_10_02,https://nakamura196.github.io/toyo_images/gazou/2009/3_F_a_ro_10/02/1000/3_F_a_ro_10_02_020/info.json,"https://nakamura196.github.io/toyo_images/gazou/2009/3_F_a_ro_10/02/1000/3_F_a_ro_10_02_020/full/125,/0/default.jpg",1000,792
3_F_a_ro_10_02,https://nakamura196.github.io/toyo_images/gazou/2009/3_F_a_ro_10/02/1000/3_F_a_ro_10_02_021/info.json,"https://nakamura196.github.io/toyo_images/gazou/2009/3_F_a_ro_10/02/1000/3_F_a_ro_10_02_021/full/125,/0/default.jpg",1000,792
3_F_a_ro_10_02,https://nakamura196.github.io/toyo_images/gazou/2009/3_F_a_ro_10/02/1000/3_F_a_ro_10_02_022/info.json,"https://nakamura196.github.io/toyo_images/gazou/2009/3_F_a_ro_10/02/1000/3_F_a_ro_10_02_022/full/125,/0/default.jpg",1000,792
3_F_a_ro_10_02,https://nakamura196.github.io/toyo_images/gazou/2009/3_F_a_ro_10/02/1000/3_F_a_ro_10_02_023/info.json,"https://nakamura196.github.io/toyo_images/gazou/2009/3_F_a_ro_10/02/1000/3_F_a_ro_10_02_023/full/125,/0/default.jpg",1000,792
3_F_a_ro_10_02,https://nakamura196.github.io/toyo_images/gazou/2009/3_F_a_ro_10/02/1000/3_F_a_ro_10_02_024/info.json,"https://nakamura196.github.io/toyo_images/gazou/2009/3_F_a_ro_10/02/1000/3_F_a_ro_10_02_024/full/125,/0/default.jpg",1000,792
3_F_a_ro_10_02,https://nakamura196.github.io/toyo_images/gazou/2009/3_F_a_ro_10/02/1000/3_F_a_ro_10_02_025/info.json,"https://nakamura196.github.io/toyo_images/gazou/2009/3_F_a_ro_10/02/1000/3_F_a_ro_10_02_025/full/125,/0/default.jpg",1000,792
3_F_a_ro_10_02,https://nakamura196.github.io/toyo_images/gazou/2009/3_F_a_ro_10/02/1000/3_F_a_ro_10_02_026/info.json,"https://nakamura196.github.io/toyo_images/gazou/2009/3_F_a_ro_10/02/1000/3_F_a_ro_10_02_026/full/125,/0/default.jpg",1000,792
3_F_a_ro_10_02,https://nakamura196.github.io/toyo_images/gazou/2009/3_F_a_ro_10/02/1000/3_F_a_ro_10_02_027/info.json,"https://nakamura196.github.io/toyo_images/gazou/2009/3_F_a_ro_10/02/1000/3_F_a_ro_10_02_027/full/125,/0/default.jpg",1000,792
3_F_a_ro_10_02,https://nakamura196.github.io/toyo_images/gazou/2009/3_F_a_ro_10/02/1000/3_F_a_ro_10_02_028/info.json,"https://nakamura196.github.io/toyo_images/gazou/2009/3_F_a_ro_10/02/1000/3_F_a_ro_10_02_028/full/125,/0/default.jpg",1000,792
3_F_a_ro_10_03,https://nakamura196.github.io/toyo_images/gazou/2009/3_F_a_ro_10/03/1000/3_F_a_ro_10_03_001/info.json,"https://nakamura196.github.io/toyo_images/gazou/2009/3_F_a_ro_10/03/1000/3_F_a_ro_10_03_001/full/125,/0/default.jpg",1000,792
3_F_a_ro_10_03,https://nakamura196.github.io/toyo_images/gazou/2009/3_F_a_ro_10/03/1000/3_F_a_ro_10_03_002/info.json,"https://nakamura196.github.io/toyo_images/gazou/2009/3_F_a_ro_10/03/1000/3_F_a_ro_10_03_002/full/125,/0/default.jpg",1000,792
3_F_a_ro_10_03,https://nakamura196.github.io/toyo_images/gazou/2009/3_F_a_ro_10/03/1000/3_F_a_ro_10_03_003/info.json,"https://nakamura196.github.io/toyo_images/gazou/2009/3_F_a_ro_10/03/1000/3_F_a_ro_10_03_003/full/125,/0/default.jpg",1000,792
3_F_a_ro_10_03,https://nakamura196.github.io/toyo_images/gazou/2009/3_F_a_ro_10/03/1000/3_F_a_ro_10_03_004/info.json,"https://nakamura196.github.io/toyo_images/gazou/2009/3_F_a_ro_10/03/1000/3_F_a_ro_10_03_004/full/125,/0/default.jpg",1000,792
3_F_a_ro_10_03,https://nakamura196.github.io/toyo_images/gazou/2009/3_F_a_ro_10/03/1000/3_F_a_ro_10_03_005/info.json,"https://nakamura196.github.io/toyo_images/gazou/2009/3_F_a_ro_10/03/1000/3_F_a_ro_10_03_005/full/125,/0/default.jpg",1000,792
3_F_a_ro_10_03,https://nakamura196.github.io/toyo_images/gazou/2009/3_F_a_ro_10/03/1000/3_F_a_ro_10_03_006/info.json,"https://nakamura196.github.io/toyo_images/gazou/2009/3_F_a_ro_10/03/1000/3_F_a_ro_10_03_006/full/125,/0/default.jpg",1000,792
3_F_a_ro_10_03,https://nakamura196.github.io/toyo_images/gazou/2009/3_F_a_ro_10/03/1000/3_F_a_ro_10_03_007/info.json,"https://nakamura196.github.io/toyo_images/gazou/2009/3_F_a_ro_10/03/1000/3_F_a_ro_10_03_007/full/125,/0/default.jpg",1000,792
3_F_a_ro_10_03,https://nakamura196.github.io/toyo_images/gazou/2009/3_F_a_ro_10/03/1000/3_F_a_ro_10_03_008/info.json,"https://nakamura196.github.io/toyo_images/gazou/2009/3_F_a_ro_10/03/1000/3_F_a_ro_10_03_008/full/125,/0/default.jpg",1000,792
3_F_a_ro_10_03,https://nakamura196.github.io/toyo_images/gazou/2009/3_F_a_ro_10/03/1000/3_F_a_ro_10_03_009/info.json,"https://nakamura196.github.io/toyo_images/gazou/2009/3_F_a_ro_10/03/1000/3_F_a_ro_10_03_009/full/125,/0/default.jpg",1000,792
3_F_a_ro_10_03,https://nakamura196.github.io/toyo_images/gazou/2009/3_F_a_ro_10/03/1000/3_F_a_ro_10_03_010/info.json,"https://nakamura196.github.io/toyo_images/gazou/2009/3_F_a_ro_10/03/1000/3_F_a_ro_10_03_010/full/125,/0/default.jpg",1000,792
3_F_a_ro_10_03,https://nakamura196.github.io/toyo_images/gazou/2009/3_F_a_ro_10/03/1000/3_F_a_ro_10_03_011/info.json,"https://nakamura196.github.io/toyo_images/gazou/2009/3_F_a_ro_10/03/1000/3_F_a_ro_10_03_011/full/125,/0/default.jpg",1000,792
3_F_a_ro_10_03,https://nakamura196.github.io/toyo_images/gazou/2009/3_F_a_ro_10/03/1000/3_F_a_ro_10_03_012/info.json,"https://nakamura196.github.io/toyo_images/gazou/2009/3_F_a_ro_10/03/1000/3_F_a_ro_10_03_012/full/125,/0/default.jpg",1000,792
3_F_a_ro_10_03,https://nakamura196.github.io/toyo_images/gazou/2009/3_F_a_ro_10/03/1000/3_F_a_ro_10_03_013/info.json,"https://nakamura196.github.io/toyo_images/gazou/2009/3_F_a_ro_10/03/1000/3_F_a_ro_10_03_013/full/125,/0/default.jpg",1000,792
3_F_a_ro_10_03,https://nakamura196.github.io/toyo_images/gazou/2009/3_F_a_ro_10/03/1000/3_F_a_ro_10_03_014/info.json,"https://nakamura196.github.io/toyo_images/gazou/2009/3_F_a_ro_10/03/1000/3_F_a_ro_10_03_014/full/125,/0/default.jpg",1000,792
3_F_a_ro_10_03,https://nakamura196.github.io/toyo_images/gazou/2009/3_F_a_ro_10/03/1000/3_F_a_ro_10_03_015/info.json,"https://nakamura196.github.io/toyo_images/gazou/2009/3_F_a_ro_10/03/1000/3_F_a_ro_10_03_015/full/125,/0/default.jpg",1000,792
3_F_a_ro_10_03,https://nakamura196.github.io/toyo_images/gazou/2009/3_F_a_ro_10/03/1000/3_F_a_ro_10_03_016/info.json,"https://nakamura196.github.io/toyo_images/gazou/2009/3_F_a_ro_10/03/1000/3_F_a_ro_10_03_016/full/125,/0/default.jpg",1000,792
3_F_a_ro_10_03,https://nakamura196.github.io/toyo_images/gazou/2009/3_F_a_ro_10/03/1000/3_F_a_ro_10_03_017/info.json,"https://nakamura196.github.io/toyo_images/gazou/2009/3_F_a_ro_10/03/1000/3_F_a_ro_10_03_017/full/125,/0/default.jpg",1000,792
3_F_a_ro_10_03,https://nakamura196.github.io/toyo_images/gazou/2009/3_F_a_ro_10/03/1000/3_F_a_ro_10_03_018/info.json,"https://nakamura196.github.io/toyo_images/gazou/2009/3_F_a_ro_10/03/1000/3_F_a_ro_10_03_018/full/125,/0/default.jpg",1000,792
3_F_a_ro_10_03,https://nakamura196.github.io/toyo_images/gazou/2009/3_F_a_ro_10/03/1000/3_F_a_ro_10_03_019/info.json,"https://nakamura196.github.io/toyo_images/gazou/2009/3_F_a_ro_10/03/1000/3_F_a_ro_10_03_019/full/125,/0/default.jpg",1000,792
3_F_a_ro_10_03,https://nakamura196.github.io/toyo_images/gazou/2009/3_F_a_ro_10/03/1000/3_F_a_ro_10_03_020/info.json,"https://nakamura196.github.io/toyo_images/gazou/2009/3_F_a_ro_10/03/1000/3_F_a_ro_10_03_020/full/125,/0/default.jpg",1000,792
3_F_a_ro_10_03,https://nakamura196.github.io/toyo_images/gazou/2009/3_F_a_ro_10/03/1000/3_F_a_ro_10_03_021/info.json,"https://nakamura196.github.io/toyo_images/gazou/2009/3_F_a_ro_10/03/1000/3_F_a_ro_10_03_021/full/125,/0/default.jpg",1000,792
3_F_a_ro_10_03,https://nakamura196.github.io/toyo_images/gazou/2009/3_F_a_ro_10/03/1000/3_F_a_ro_10_03_022/info.json,"https://nakamura196.github.io/toyo_images/gazou/2009/3_F_a_ro_10/03/1000/3_F_a_ro_10_03_022/full/125,/0/default.jpg",1000,792
3_F_a_ro_10_03,https://nakamura196.github.io/toyo_images/gazou/2009/3_F_a_ro_10/03/1000/3_F_a_ro_10_03_023/info.json,"https://nakamura196.github.io/toyo_images/gazou/2009/3_F_a_ro_10/03/1000/3_F_a_ro_10_03_023/full/125,/0/default.jpg",1000,792
3_F_a_ro_10_03,https://nakamura196.github.io/toyo_images/gazou/2009/3_F_a_ro_10/03/1000/3_F_a_ro_10_03_024/info.json,"https://nakamura196.github.io/toyo_images/gazou/2009/3_F_a_ro_10/03/1000/3_F_a_ro_10_03_024/full/125,/0/default.jpg",1000,792
3_F_a_ro_9_01,https://nakamura196.github.io/toyo_images/gazou/2009/3_F_a_ro_9/01/1000/3_F_a_ro_9_01_001/info.json,"https://nakamura196.github.io/toyo_images/gazou/2009/3_F_a_ro_9/01/1000/3_F_a_ro_9_01_001/full/125,/0/default.jpg",2000,1583
3_F_a_ro_9_01,https://nakamura196.github.io/toyo_images/gazou/2009/3_F_a_ro_9/01/1000/3_F_a_ro_9_01_002/info.json,"https://nakamura196.github.io/toyo_images/gazou/2009/3_F_a_ro_9/01/1000/3_F_a_ro_9_01_002/full/125,/0/default.jpg",2000,1583
3_F_a_ro_9_01,https://nakamura196.github.io/toyo_images/gazou/2009/3_F_a_ro_9/01/1000/3_F_a_ro_9_01_003/info.json,"https://nakamura196.github.io/toyo_images/gazou/2009/3_F_a_ro_9/01/1000/3_F_a_ro_9_01_003/full/125,/0/default.jpg",2000,1583
3_F_a_ro_9_01,https://nakamura196.github.io/toyo_images/gazou/2009/3_F_a_ro_9/01/1000/3_F_a_ro_9_01_004/info.json,"https://nakamura196.github.io/toyo_images/gazou/2009/3_F_a_ro_9/01/1000/3_F_a_ro_9_01_004/full/125,/0/default.jpg",2000,1583
3_F_a_ro_9_01,https://nakamura196.github.io/toyo_images/gazou/2009/3_F_a_ro_9/01/1000/3_F_a_ro_9_01_005/info.json,"https://nakamura196.github.io/toyo_images/gazou/2009/3_F_a_ro_9/01/1000/3_F_a_ro_9_01_005/full/125,/0/default.jpg",2000,1583
3_F_a_ro_9_01,https://nakamura196.github.io/toyo_images/gazou/2009/3_F_a_ro_9/01/1000/3_F_a_ro_9_01_006/info.json,"https://nakamura196.github.io/toyo_images/gazou/2009/3_F_a_ro_9/01/1000/3_F_a_ro_9_01_006/full/125,/0/default.jpg",2000,1583
3_F_a_ro_9_01,https://nakamura196.github.io/toyo_images/gazou/2009/3_F_a_ro_9/01/1000/3_F_a_ro_9_01_007/info.json,"https://nakamura196.github.io/toyo_images/gazou/2009/3_F_a_ro_9/01/1000/3_F_a_ro_9_01_007/full/125,/0/default.jpg",2000,1583
3_F_a_ro_9_01,https://nakamura196.github.io/toyo_images/gazou/2009/3_F_a_ro_9/01/1000/3_F_a_ro_9_01_008/info.json,"https://nakamura196.github.io/toyo_images/gazou/2009/3_F_a_ro_9/01/1000/3_F_a_ro_9_01_008/full/125,/0/default.jpg",2000,1583
3_F_a_ro_9_01,https://nakamura196.github.io/toyo_images/gazou/2009/3_F_a_ro_9/01/1000/3_F_a_ro_9_01_009/info.json,"https://nakamura196.github.io/toyo_images/gazou/2009/3_F_a_ro_9/01/1000/3_F_a_ro_9_01_009/full/125,/0/default.jpg",2000,1583
3_F_a_ro_9_01,https://nakamura196.github.io/toyo_images/gazou/2009/3_F_a_ro_9/01/1000/3_F_a_ro_9_01_010/info.json,"https://nakamura196.github.io/toyo_images/gazou/2009/3_F_a_ro_9/01/1000/3_F_a_ro_9_01_010/full/125,/0/default.jpg",2000,1583
3_F_a_ro_9_01,https://nakamura196.github.io/toyo_images/gazou/2009/3_F_a_ro_9/01/1000/3_F_a_ro_9_01_011/info.json,"https://nakamura196.github.io/toyo_images/gazou/2009/3_F_a_ro_9/01/1000/3_F_a_ro_9_01_011/full/125,/0/default.jpg",2000,1583
3_F_a_ro_9_01,https://nakamura196.github.io/toyo_images/gazou/2009/3_F_a_ro_9/01/1000/3_F_a_ro_9_01_012/info.json,"https://nakamura196.github.io/toyo_images/gazou/2009/3_F_a_ro_9/01/1000/3_F_a_ro_9_01_012/full/125,/0/default.jpg",2000,1583
3_F_a_ro_9_01,https://nakamura196.github.io/toyo_images/gazou/2009/3_F_a_ro_9/01/1000/3_F_a_ro_9_01_013/info.json,"https://nakamura196.github.io/toyo_images/gazou/2009/3_F_a_ro_9/01/1000/3_F_a_ro_9_01_013/full/125,/0/default.jpg",2000,1583
3_F_a_ro_9_01,https://nakamura196.github.io/toyo_images/gazou/2009/3_F_a_ro_9/01/1000/3_F_a_ro_9_01_014/info.json,"https://nakamura196.github.io/toyo_images/gazou/2009/3_F_a_ro_9/01/1000/3_F_a_ro_9_01_014/full/125,/0/default.jpg",2000,1583
3_F_a_ro_9_01,https://nakamura196.github.io/toyo_images/gazou/2009/3_F_a_ro_9/01/1000/3_F_a_ro_9_01_015/info.json,"https://nakamura196.github.io/toyo_images/gazou/2009/3_F_a_ro_9/01/1000/3_F_a_ro_9_01_015/full/125,/0/default.jpg",2000,1583
3_F_a_ro_9_01,https://nakamura196.github.io/toyo_images/gazou/2009/3_F_a_ro_9/01/1000/3_F_a_ro_9_01_016/info.json,"https://nakamura196.github.io/toyo_images/gazou/2009/3_F_a_ro_9/01/1000/3_F_a_ro_9_01_016/full/125,/0/default.jpg",2000,1583
3_F_a_ro_9_01,https://nakamura196.github.io/toyo_images/gazou/2009/3_F_a_ro_9/01/1000/3_F_a_ro_9_01_017/info.json,"https://nakamura196.github.io/toyo_images/gazou/2009/3_F_a_ro_9/01/1000/3_F_a_ro_9_01_017/full/125,/0/default.jpg",2000,1583
3_F_a_ro_9_01,https://nakamura196.github.io/toyo_images/gazou/2009/3_F_a_ro_9/01/1000/3_F_a_ro_9_01_018/info.json,"https://nakamura196.github.io/toyo_images/gazou/2009/3_F_a_ro_9/01/1000/3_F_a_ro_9_01_018/full/125,/0/default.jpg",2000,1583
3_F_a_ro_9_01,https://nakamura196.github.io/toyo_images/gazou/2009/3_F_a_ro_9/01/1000/3_F_a_ro_9_01_019/info.json,"https://nakamura196.github.io/toyo_images/gazou/2009/3_F_a_ro_9/01/1000/3_F_a_ro_9_01_019/full/125,/0/default.jpg",2000,1583
3_F_a_ro_9_01,https://nakamura196.github.io/toyo_images/gazou/2009/3_F_a_ro_9/01/1000/3_F_a_ro_9_01_020/info.json,"https://nakamura196.github.io/toyo_images/gazou/2009/3_F_a_ro_9/01/1000/3_F_a_ro_9_01_020/full/125,/0/default.jpg",2000,1583
3_F_a_ro_9_01,https://nakamura196.github.io/toyo_images/gazou/2009/3_F_a_ro_9/01/1000/3_F_a_ro_9_01_021/info.json,"https://nakamura196.github.io/toyo_images/gazou/2009/3_F_a_ro_9/01/1000/3_F_a_ro_9_01_021/full/125,/0/default.jpg",2000,1583
3_F_a_ro_9_01,https://nakamura196.github.io/toyo_images/gazou/2009/3_F_a_ro_9/01/1000/3_F_a_ro_9_01_022/info.json,"https://nakamura196.github.io/toyo_images/gazou/2009/3_F_a_ro_9/01/1000/3_F_a_ro_9_01_022/full/125,/0/default.jpg",2000,1583
3_F_a_ro_9_01,https://nakamura196.github.io/toyo_images/gazou/2009/3_F_a_ro_9/01/1000/3_F_a_ro_9_01_023/info.json,"https://nakamura196.github.io/toyo_images/gazou/2009/3_F_a_ro_9/01/1000/3_F_a_ro_9_01_023/full/125,/0/default.jpg",2000,1583
3_F_a_ro_9_01,https://nakamura196.github.io/toyo_images/gazou/2009/3_F_a_ro_9/01/1000/3_F_a_ro_9_01_024/info.json,"https://nakamura196.github.io/toyo_images/gazou/2009/3_F_a_ro_9/01/1000/3_F_a_ro_9_01_024/full/125,/0/default.jpg",2000,1583
3_F_a_ro_9_01,https://nakamura196.github.io/toyo_images/gazou/2009/3_F_a_ro_9/01/1000/3_F_a_ro_9_01_025/info.json,"https://nakamura196.github.io/toyo_images/gazou/2009/3_F_a_ro_9/01/1000/3_F_a_ro_9_01_025/full/125,/0/default.jpg",2000,1583
3_F_a_ro_9_01,https://nakamura196.github.io/toyo_images/gazou/2009/3_F_a_ro_9/01/1000/3_F_a_ro_9_01_026/info.json,"https://nakamura196.github.io/toyo_images/gazou/2009/3_F_a_ro_9/01/1000/3_F_a_ro_9_01_026/full/125,/0/default.jpg",2000,1583
3_F_a_ro_9_01,https://nakamura196.github.io/toyo_images/gazou/2009/3_F_a_ro_9/01/1000/3_F_a_ro_9_01_027/info.json,"https://nakamura196.github.io/toyo_images/gazou/2009/3_F_a_ro_9/01/1000/3_F_a_ro_9_01_027/full/125,/0/default.jpg",2000,1583
3_F_a_ro_9_01,https://nakamura196.github.io/toyo_images/gazou/2009/3_F_a_ro_9/01/1000/3_F_a_ro_9_01_028/info.json,"https://nakamura196.github.io/toyo_images/gazou/2009/3_F_a_ro_9/01/1000/3_F_a_ro_9_01_028/full/125,/0/default.jpg",2000,1583
3_F_a_ro_9_01,https://nakamura196.github.io/toyo_images/gazou/2009/3_F_a_ro_9/01/1000/3_F_a_ro_9_01_029/info.json,"https://nakamura196.github.io/toyo_images/gazou/2009/3_F_a_ro_9/01/1000/3_F_a_ro_9_01_029/full/125,/0/default.jpg",2000,1583
3_F_a_ro_9_01,https://nakamura196.github.io/toyo_images/gazou/2009/3_F_a_ro_9/01/1000/3_F_a_ro_9_01_030/info.json,"https://nakamura196.github.io/toyo_images/gazou/2009/3_F_a_ro_9/01/1000/3_F_a_ro_9_01_030/full/125,/0/default.jpg",2000,1583
3_F_a_ro_9_01,https://nakamura196.github.io/toyo_images/gazou/2009/3_F_a_ro_9/01/1000/3_F_a_ro_9_01_031/info.json,"https://nakamura196.github.io/toyo_images/gazou/2009/3_F_a_ro_9/01/1000/3_F_a_ro_9_01_031/full/125,/0/default.jpg",2000,1583
3_F_a_ro_9_01,https://nakamura196.github.io/toyo_images/gazou/2009/3_F_a_ro_9/01/1000/3_F_a_ro_9_01_032/info.json,"https://nakamura196.github.io/toyo_images/gazou/2009/3_F_a_ro_9/01/1000/3_F_a_ro_9_01_032/full/125,/0/default.jpg",2000,1583
3_F_a_ro_9_01,https://nakamura196.github.io/toyo_images/gazou/2009/3_F_a_ro_9/01/1000/3_F_a_ro_9_01_033/info.json,"https://nakamura196.github.io/toyo_images/gazou/2009/3_F_a_ro_9/01/1000/3_F_a_ro_9_01_033/full/125,/0/default.jpg",2000,1583
3_F_a_ro_9_01,https://nakamura196.github.io/toyo_images/gazou/2009/3_F_a_ro_9/01/1000/3_F_a_ro_9_01_034/info.json,"https://nakamura196.github.io/toyo_images/gazou/2009/3_F_a_ro_9/01/1000/3_F_a_ro_9_01_034/full/125,/0/default.jpg",2000,1583
3_F_a_ro_9_02,https://nakamura196.github.io/toyo_images/gazou/2009/3_F_a_ro_9/02/1000/3_F_a_ro_9_02_001/info.json,"https://nakamura196.github.io/toyo_images/gazou/2009/3_F_a_ro_9/02/1000/3_F_a_ro_9_02_001/full/125,/0/default.jpg",2000,1583
3_F_a_ro_9_02,https://nakamura196.github.io/toyo_images/gazou/2009/3_F_a_ro_9/02/1000/3_F_a_ro_9_02_002/info.json,"https://nakamura196.github.io/toyo_images/gazou/2009/3_F_a_ro_9/02/1000/3_F_a_ro_9_02_002/full/125,/0/default.jpg",2000,1583
3_F_a_ro_9_02,https://nakamura196.github.io/toyo_images/gazou/2009/3_F_a_ro_9/02/1000/3_F_a_ro_9_02_003/info.json,"https://nakamura196.github.io/toyo_images/gazou/2009/3_F_a_ro_9/02/1000/3_F_a_ro_9_02_003/full/125,/0/default.jpg",2000,1583
3_F_a_ro_9_02,https://nakamura196.github.io/toyo_images/gazou/2009/3_F_a_ro_9/02/1000/3_F_a_ro_9_02_004/info.json,"https://nakamura196.github.io/toyo_images/gazou/2009/3_F_a_ro_9/02/1000/3_F_a_ro_9_02_004/full/125,/0/default.jpg",2000,1583
3_F_a_ro_9_02,https://nakamura196.github.io/toyo_images/gazou/2009/3_F_a_ro_9/02/1000/3_F_a_ro_9_02_005/info.json,"https://nakamura196.github.io/toyo_images/gazou/2009/3_F_a_ro_9/02/1000/3_F_a_ro_9_02_005/full/125,/0/default.jpg",2000,1583
3_F_a_ro_9_02,https://nakamura196.github.io/toyo_images/gazou/2009/3_F_a_ro_9/02/1000/3_F_a_ro_9_02_006/info.json,"https://nakamura196.github.io/toyo_images/gazou/2009/3_F_a_ro_9/02/1000/3_F_a_ro_9_02_006/full/125,/0/default.jpg",2000,1583
3_F_a_ro_9_02,https://nakamura196.github.io/toyo_images/gazou/2009/3_F_a_ro_9/02/1000/3_F_a_ro_9_02_007/info.json,"https://nakamura196.github.io/toyo_images/gazou/2009/3_F_a_ro_9/02/1000/3_F_a_ro_9_02_007/full/125,/0/default.jpg",2000,1583
3_F_a_ro_9_02,https://nakamura196.github.io/toyo_images/gazou/2009/3_F_a_ro_9/02/1000/3_F_a_ro_9_02_008/info.json,"https://nakamura196.github.io/toyo_images/gazou/2009/3_F_a_ro_9/02/1000/3_F_a_ro_9_02_008/full/125,/0/default.jpg",2000,1583
3_F_a_ro_9_02,https://nakamura196.github.io/toyo_images/gazou/2009/3_F_a_ro_9/02/1000/3_F_a_ro_9_02_009/info.json,"https://nakamura196.github.io/toyo_images/gazou/2009/3_F_a_ro_9/02/1000/3_F_a_ro_9_02_009/full/125,/0/default.jpg",2000,1583
3_F_a_ro_9_02,https://nakamura196.github.io/toyo_images/gazou/2009/3_F_a_ro_9/02/1000/3_F_a_ro_9_02_010/info.json,"https://nakamura196.github.io/toyo_images/gazou/2009/3_F_a_ro_9/02/1000/3_F_a_ro_9_02_010/full/125,/0/default.jpg",2000,1583
3_F_a_ro_9_02,https://nakamura196.github.io/toyo_images/gazou/2009/3_F_a_ro_9/02/1000/3_F_a_ro_9_02_011/info.json,"https://nakamura196.github.io/toyo_images/gazou/2009/3_F_a_ro_9/02/1000/3_F_a_ro_9_02_011/full/125,/0/default.jpg",2000,1583
3_F_a_ro_9_02,https://nakamura196.github.io/toyo_images/gazou/2009/3_F_a_ro_9/02/1000/3_F_a_ro_9_02_012/info.json,"https://nakamura196.github.io/toyo_images/gazou/2009/3_F_a_ro_9/02/1000/3_F_a_ro_9_02_012/full/125,/0/default.jpg",2000,1583
3_F_a_ro_9_02,https://nakamura196.github.io/toyo_images/gazou/2009/3_F_a_ro_9/02/1000/3_F_a_ro_9_02_013/info.json,"https://nakamura196.github.io/toyo_images/gazou/2009/3_F_a_ro_9/02/1000/3_F_a_ro_9_02_013/full/125,/0/default.jpg",2000,1583
3_F_a_ro_9_02,https://nakamura196.github.io/toyo_images/gazou/2009/3_F_a_ro_9/02/1000/3_F_a_ro_9_02_014/info.json,"https://nakamura196.github.io/toyo_images/gazou/2009/3_F_a_ro_9/02/1000/3_F_a_ro_9_02_014/full/125,/0/default.jpg",2000,1583
3_F_a_ro_9_02,https://nakamura196.github.io/toyo_images/gazou/2009/3_F_a_ro_9/02/1000/3_F_a_ro_9_02_015/info.json,"https://nakamura196.github.io/toyo_images/gazou/2009/3_F_a_ro_9/02/1000/3_F_a_ro_9_02_015/full/125,/0/default.jpg",2000,1583
3_F_a_ro_9_02,https://nakamura196.github.io/toyo_images/gazou/2009/3_F_a_ro_9/02/1000/3_F_a_ro_9_02_016/info.json,"https://nakamura196.github.io/toyo_images/gazou/2009/3_F_a_ro_9/02/1000/3_F_a_ro_9_02_016/full/125,/0/default.jpg",2000,1583
3_F_a_ro_9_02,https://nakamura196.github.io/toyo_images/gazou/2009/3_F_a_ro_9/02/1000/3_F_a_ro_9_02_017/info.json,"https://nakamura196.github.io/toyo_images/gazou/2009/3_F_a_ro_9/02/1000/3_F_a_ro_9_02_017/full/125,/0/default.jpg",2000,1583
3_F_a_ro_9_02,https://nakamura196.github.io/toyo_images/gazou/2009/3_F_a_ro_9/02/1000/3_F_a_ro_9_02_018/info.json,"https://nakamura196.github.io/toyo_images/gazou/2009/3_F_a_ro_9/02/1000/3_F_a_ro_9_02_018/full/125,/0/default.jpg",2000,1583
3_F_a_ro_9_02,https://nakamura196.github.io/toyo_images/gazou/2009/3_F_a_ro_9/02/1000/3_F_a_ro_9_02_019/info.json,"https://nakamura196.github.io/toyo_images/gazou/2009/3_F_a_ro_9/02/1000/3_F_a_ro_9_02_019/full/125,/0/default.jpg",2000,1583
3_F_a_ro_9_02,https://nakamura196.github.io/toyo_images/gazou/2009/3_F_a_ro_9/02/1000/3_F_a_ro_9_02_020/info.json,"https://nakamura196.github.io/toyo_images/gazou/2009/3_F_a_ro_9/02/1000/3_F_a_ro_9_02_020/full/125,/0/default.jpg",2000,1583
3_F_a_ro_9_02,https://nakamura196.github.io/toyo_images/gazou/2009/3_F_a_ro_9/02/1000/3_F_a_ro_9_02_021/info.json,"https://nakamura196.github.io/toyo_images/gazou/2009/3_F_a_ro_9/02/1000/3_F_a_ro_9_02_021/full/125,/0/default.jpg",2000,1583
3_F_a_ro_9_02,https://nakamura196.github.io/toyo_images/gazou/2009/3_F_a_ro_9/02/1000/3_F_a_ro_9_02_022/info.json,"https://nakamura196.github.io/toyo_images/gazou/2009/3_F_a_ro_9/02/1000/3_F_a_ro_9_02_022/full/125,/0/default.jpg",2000,1583
3_F_a_ro_9_02,https://nakamura196.github.io/toyo_images/gazou/2009/3_F_a_ro_9/02/1000/3_F_a_ro_9_02_023/info.json,"https://nakamura196.github.io/toyo_images/gazou/2009/3_F_a_ro_9/02/1000/3_F_a_ro_9_02_023/full/125,/0/default.jpg",2000,1583
3_F_a_ro_9_02,https://nakamura196.github.io/toyo_images/gazou/2009/3_F_a_ro_9/02/1000/3_F_a_ro_9_02_024/info.json,"https://nakamura196.github.io/toyo_images/gazou/2009/3_F_a_ro_9/02/1000/3_F_a_ro_9_02_024/full/125,/0/default.jpg",2000,1583
3_F_a_ro_9_02,https://nakamura196.github.io/toyo_images/gazou/2009/3_F_a_ro_9/02/1000/3_F_a_ro_9_02_025/info.json,"https://nakamura196.github.io/toyo_images/gazou/2009/3_F_a_ro_9/02/1000/3_F_a_ro_9_02_025/full/125,/0/default.jpg",2000,1583
3_F_a_ro_9_02,https://nakamura196.github.io/toyo_images/gazou/2009/3_F_a_ro_9/02/1000/3_F_a_ro_9_02_026/info.json,"https://nakamura196.github.io/toyo_images/gazou/2009/3_F_a_ro_9/02/1000/3_F_a_ro_9_02_026/full/125,/0/default.jpg",2000,1583
3_F_a_ro_9_02,https://nakamura196.github.io/toyo_images/gazou/2009/3_F_a_ro_9/02/1000/3_F_a_ro_9_02_027/info.json,"https://nakamura196.github.io/toyo_images/gazou/2009/3_F_a_ro_9/02/1000/3_F_a_ro_9_02_027/full/125,/0/default.jpg",2000,1583
3_F_a_ro_9_02,https://nakamura196.github.io/toyo_images/gazou/2009/3_F_a_ro_9/02/1000/3_F_a_ro_9_02_028/info.json,"https://nakamura196.github.io/toyo_images/gazou/2009/3_F_a_ro_9/02/1000/3_F_a_ro_9_02_028/full/125,/0/default.jpg",2000,1583
3_F_a_ro_9_02,https://nakamura196.github.io/toyo_images/gazou/2009/3_F_a_ro_9/02/1000/3_F_a_ro_9_02_029/info.json,"https://nakamura196.github.io/toyo_images/gazou/2009/3_F_a_ro_9/02/1000/3_F_a_ro_9_02_029/full/125,/0/default.jpg",2000,1583
3_F_a_ro_9_02,https://nakamura196.github.io/toyo_images/gazou/2009/3_F_a_ro_9/02/1000/3_F_a_ro_9_02_030/info.json,"https://nakamura196.github.io/toyo_images/gazou/2009/3_F_a_ro_9/02/1000/3_F_a_ro_9_02_030/full/125,/0/default.jpg",2000,1583
3_F_a_ro_9_02,https://nakamura196.github.io/toyo_images/gazou/2009/3_F_a_ro_9/02/1000/3_F_a_ro_9_02_031/info.json,"https://nakamura196.github.io/toyo_images/gazou/2009/3_F_a_ro_9/02/1000/3_F_a_ro_9_02_031/full/125,/0/default.jpg",2000,1583
3_G_b_06,https://nakamura196.github.io/toyo_images/gazou/2009/3_G_b_06/1000/3_G_b_06_00_001/info.json,"https://nakamura196.github.io/toyo_images/gazou/2009/3_G_b_06/1000/3_G_b_06_00_001/full/125,/0/default.jpg",2000,1583
3_G_b_06,https://nakamura196.github.io/toyo_images/gazou/2009/3_G_b_06/1000/3_G_b_06_00_002/info.json,"https://nakamura196.github.io/toyo_images/gazou/2009/3_G_b_06/1000/3_G_b_06_00_002/full/125,/0/default.jpg",2000,1583
3_G_b_06,https://nakamura196.github.io/toyo_images/gazou/2009/3_G_b_06/1000/3_G_b_06_00_003/info.json,"https://nakamura196.github.io/toyo_images/gazou/2009/3_G_b_06/1000/3_G_b_06_00_003/full/125,/0/default.jpg",2000,1583
3_G_b_06,https://nakamura196.github.io/toyo_images/gazou/2009/3_G_b_06/1000/3_G_b_06_00_004/info.json,"https://nakamura196.github.io/toyo_images/gazou/2009/3_G_b_06/1000/3_G_b_06_00_004/full/125,/0/default.jpg",2000,1583
3_G_b_06,https://nakamura196.github.io/toyo_images/gazou/2009/3_G_b_06/1000/3_G_b_06_00_005/info.json,"https://nakamura196.github.io/toyo_images/gazou/2009/3_G_b_06/1000/3_G_b_06_00_005/full/125,/0/default.jpg",2000,1583
3_G_b_06,https://nakamura196.github.io/toyo_images/gazou/2009/3_G_b_06/1000/3_G_b_06_00_006/info.json,"https://nakamura196.github.io/toyo_images/gazou/2009/3_G_b_06/1000/3_G_b_06_00_006/full/125,/0/default.jpg",2000,1583
3_G_b_06,https://nakamura196.github.io/toyo_images/gazou/2009/3_G_b_06/1000/3_G_b_06_00_007/info.json,"https://nakamura196.github.io/toyo_images/gazou/2009/3_G_b_06/1000/3_G_b_06_00_007/full/125,/0/default.jpg",2000,1583
3_G_b_06,https://nakamura196.github.io/toyo_images/gazou/2009/3_G_b_06/1000/3_G_b_06_00_008/info.json,"https://nakamura196.github.io/toyo_images/gazou/2009/3_G_b_06/1000/3_G_b_06_00_008/full/125,/0/default.jpg",2000,1583
3_G_b_06,https://nakamura196.github.io/toyo_images/gazou/2009/3_G_b_06/1000/3_G_b_06_00_009/info.json,"https://nakamura196.github.io/toyo_images/gazou/2009/3_G_b_06/1000/3_G_b_06_00_009/full/125,/0/default.jpg",2000,1583
3_G_b_06,https://nakamura196.github.io/toyo_images/gazou/2009/3_G_b_06/1000/3_G_b_06_00_010/info.json,"https://nakamura196.github.io/toyo_images/gazou/2009/3_G_b_06/1000/3_G_b_06_00_010/full/125,/0/default.jpg",2000,1583
3_G_b_06,https://nakamura196.github.io/toyo_images/gazou/2009/3_G_b_06/1000/3_G_b_06_00_011/info.json,"https://nakamura196.github.io/toyo_images/gazou/2009/3_G_b_06/1000/3_G_b_06_00_011/full/125,/0/default.jpg",2000,1583
3_G_b_06,https://nakamura196.github.io/toyo_images/gazou/2009/3_G_b_06/1000/3_G_b_06_00_012/info.json,"https://nakamura196.github.io/toyo_images/gazou/2009/3_G_b_06/1000/3_G_b_06_00_012/full/125,/0/default.jpg",2000,1583
3_G_b_11_01,https://nakamura196.github.io/toyo_images/gazou/2009/3_G_b_11/01/1000/3_G_b_11_01_001/info.json,"https://nakamura196.github.io/toyo_images/gazou/2009/3_G_b_11/01/1000/3_G_b_11_01_001/full/125,/0/default.jpg",1000,792
3_G_b_11_01,https://nakamura196.github.io/toyo_images/gazou/2009/3_G_b_11/01/1000/3_G_b_11_01_002/info.json,"https://nakamura196.github.io/toyo_images/gazou/2009/3_G_b_11/01/1000/3_G_b_11_01_002/full/125,/0/default.jpg",1000,792
3_G_b_11_01,https://nakamura196.github.io/toyo_images/gazou/2009/3_G_b_11/01/1000/3_G_b_11_01_003/info.json,"https://nakamura196.github.io/toyo_images/gazou/2009/3_G_b_11/01/1000/3_G_b_11_01_003/full/125,/0/default.jpg",1000,792
3_G_b_11_01,https://nakamura196.github.io/toyo_images/gazou/2009/3_G_b_11/01/1000/3_G_b_11_01_004/info.json,"https://nakamura196.github.io/toyo_images/gazou/2009/3_G_b_11/01/1000/3_G_b_11_01_004/full/125,/0/default.jpg",1000,792
3_G_b_11_01,https://nakamura196.github.io/toyo_images/gazou/2009/3_G_b_11/01/1000/3_G_b_11_01_005/info.json,"https://nakamura196.github.io/toyo_images/gazou/2009/3_G_b_11/01/1000/3_G_b_11_01_005/full/125,/0/default.jpg",1000,792
3_G_b_11_01,https://nakamura196.github.io/toyo_images/gazou/2009/3_G_b_11/01/1000/3_G_b_11_01_006/info.json,"https://nakamura196.github.io/toyo_images/gazou/2009/3_G_b_11/01/1000/3_G_b_11_01_006/full/125,/0/default.jpg",1000,792
3_G_b_11_01,https://nakamura196.github.io/toyo_images/gazou/2009/3_G_b_11/01/1000/3_G_b_11_01_007/info.json,"https://nakamura196.github.io/toyo_images/gazou/2009/3_G_b_11/01/1000/3_G_b_11_01_007/full/125,/0/default.jpg",1000,792
3_G_b_11_01,https://nakamura196.github.io/toyo_images/gazou/2009/3_G_b_11/01/1000/3_G_b_11_01_008/info.json,"https://nakamura196.github.io/toyo_images/gazou/2009/3_G_b_11/01/1000/3_G_b_11_01_008/full/125,/0/default.jpg",1000,792
3_G_b_11_01,https://nakamura196.github.io/toyo_images/gazou/2009/3_G_b_11/01/1000/3_G_b_11_01_009/info.json,"https://nakamura196.github.io/toyo_images/gazou/2009/3_G_b_11/01/1000/3_G_b_11_01_009/full/125,/0/default.jpg",1000,792
3_G_b_11_01,https://nakamura196.github.io/toyo_images/gazou/2009/3_G_b_11/01/1000/3_G_b_11_01_010/info.json,"https://nakamura196.github.io/toyo_images/gazou/2009/3_G_b_11/01/1000/3_G_b_11_01_010/full/125,/0/default.jpg",1000,792
3_G_b_11_01,https://nakamura196.github.io/toyo_images/gazou/2009/3_G_b_11/01/1000/3_G_b_11_01_011/info.json,"https://nakamura196.github.io/toyo_images/gazou/2009/3_G_b_11/01/1000/3_G_b_11_01_011/full/125,/0/default.jpg",1000,792
3_G_b_11_01,https://nakamura196.github.io/toyo_images/gazou/2009/3_G_b_11/01/1000/3_G_b_11_01_012/info.json,"https://nakamura196.github.io/toyo_images/gazou/2009/3_G_b_11/01/1000/3_G_b_11_01_012/full/125,/0/default.jpg",1000,792
3_G_b_11_01,https://nakamura196.github.io/toyo_images/gazou/2009/3_G_b_11/01/1000/3_G_b_11_01_013/info.json,"https://nakamura196.github.io/toyo_images/gazou/2009/3_G_b_11/01/1000/3_G_b_11_01_013/full/125,/0/default.jpg",1000,792
3_G_b_11_01,https://nakamura196.github.io/toyo_images/gazou/2009/3_G_b_11/01/1000/3_G_b_11_01_014/info.json,"https://nakamura196.github.io/toyo_images/gazou/2009/3_G_b_11/01/1000/3_G_b_11_01_014/full/125,/0/default.jpg",1000,792
3_G_b_11_01,https://nakamura196.github.io/toyo_images/gazou/2009/3_G_b_11/01/1000/3_G_b_11_01_015/info.json,"https://nakamura196.github.io/toyo_images/gazou/2009/3_G_b_11/01/1000/3_G_b_11_01_015/full/125,/0/default.jpg",1000,792
3_G_b_11_01,https://nakamura196.github.io/toyo_images/gazou/2009/3_G_b_11/01/1000/3_G_b_11_01_016/info.json,"https://nakamura196.github.io/toyo_images/gazou/2009/3_G_b_11/01/1000/3_G_b_11_01_016/full/125,/0/default.jpg",1000,792
3_G_b_11_01,https://nakamura196.github.io/toyo_images/gazou/2009/3_G_b_11/01/1000/3_G_b_11_01_017/info.json,"https://nakamura196.github.io/toyo_images/gazou/2009/3_G_b_11/01/1000/3_G_b_11_01_017/full/125,/0/default.jpg",1000,792
3_G_b_11_01,https://nakamura196.github.io/toyo_images/gazou/2009/3_G_b_11/01/1000/3_G_b_11_01_018/info.json,"https://nakamura196.github.io/toyo_images/gazou/2009/3_G_b_11/01/1000/3_G_b_11_01_018/full/125,/0/default.jpg",1000,792
3_G_b_11_01,https://nakamura196.github.io/toyo_images/gazou/2009/3_G_b_11/01/1000/3_G_b_11_01_019/info.json,"https://nakamura196.github.io/toyo_images/gazou/2009/3_G_b_11/01/1000/3_G_b_11_01_019/full/125,/0/default.jpg",1000,792
3_G_b_11_01,https://nakamura196.github.io/toyo_images/gazou/2009/3_G_b_11/01/1000/3_G_b_11_01_020/info.json,"https://nakamura196.github.io/toyo_images/gazou/2009/3_G_b_11/01/1000/3_G_b_11_01_020/full/125,/0/default.jpg",1000,792
3_G_b_11_01,https://nakamura196.github.io/toyo_images/gazou/2009/3_G_b_11/01/1000/3_G_b_11_01_021/info.json,"https://nakamura196.github.io/toyo_images/gazou/2009/3_G_b_11/01/1000/3_G_b_11_01_021/full/125,/0/default.jpg",1000,792
3_G_b_11_01,https://nakamura196.github.io/toyo_images/gazou/2009/3_G_b_11/01/1000/3_G_b_11_01_022/info.json,"https://nakamura196.github.io/toyo_images/gazou/2009/3_G_b_11/01/1000/3_G_b_11_01_022/full/125,/0/default.jpg",1000,792
3_G_b_11_01,https://nakamura196.github.io/toyo_images/gazou/2009/3_G_b_11/01/1000/3_G_b_11_01_023/info.json,"https://nakamura196.github.io/toyo_images/gazou/2009/3_G_b_11/01/1000/3_G_b_11_01_023/full/125,/0/default.jpg",1000,792
3_G_b_11_02,https://nakamura196.github.io/toyo_images/gazou/2009/3_G_b_11/02/1000/3_G_b_11_02_001/info.json,"https://nakamura196.github.io/toyo_images/gazou/2009/3_G_b_11/02/1000/3_G_b_11_02_001/full/125,/0/default.jpg",2000,1583
3_G_b_11_02,https://nakamura196.github.io/toyo_images/gazou/2009/3_G_b_11/02/1000/3_G_b_11_02_002/info.json,"https://nakamura196.github.io/toyo_images/gazou/2009/3_G_b_11/02/1000/3_G_b_11_02_002/full/125,/0/default.jpg",2000,1583
3_G_b_11_02,https://nakamura196.github.io/toyo_images/gazou/2009/3_G_b_11/02/1000/3_G_b_11_02_003/info.json,"https://nakamura196.github.io/toyo_images/gazou/2009/3_G_b_11/02/1000/3_G_b_11_02_003/full/125,/0/default.jpg",2000,1583
3_G_b_11_02,https://nakamura196.github.io/toyo_images/gazou/2009/3_G_b_11/02/1000/3_G_b_11_02_004/info.json,"https://nakamura196.github.io/toyo_images/gazou/2009/3_G_b_11/02/1000/3_G_b_11_02_004/full/125,/0/default.jpg",2000,1583
3_G_b_11_02,https://nakamura196.github.io/toyo_images/gazou/2009/3_G_b_11/02/1000/3_G_b_11_02_005/info.json,"https://nakamura196.github.io/toyo_images/gazou/2009/3_G_b_11/02/1000/3_G_b_11_02_005/full/125,/0/default.jpg",2000,1583
3_G_b_11_02,https://nakamura196.github.io/toyo_images/gazou/2009/3_G_b_11/02/1000/3_G_b_11_02_006/info.json,"https://nakamura196.github.io/toyo_images/gazou/2009/3_G_b_11/02/1000/3_G_b_11_02_006/full/125,/0/default.jpg",2000,1583
3_G_b_11_02,https://nakamura196.github.io/toyo_images/gazou/2009/3_G_b_11/02/1000/3_G_b_11_02_007/info.json,"https://nakamura196.github.io/toyo_images/gazou/2009/3_G_b_11/02/1000/3_G_b_11_02_007/full/125,/0/default.jpg",2000,1583
3_G_b_11_02,https://nakamura196.github.io/toyo_images/gazou/2009/3_G_b_11/02/1000/3_G_b_11_02_008/info.json,"https://nakamura196.github.io/toyo_images/gazou/2009/3_G_b_11/02/1000/3_G_b_11_02_008/full/125,/0/default.jpg",2000,1583
3_G_b_11_02,https://nakamura196.github.io/toyo_images/gazou/2009/3_G_b_11/02/1000/3_G_b_11_02_009/info.json,"https://nakamura196.github.io/toyo_images/gazou/2009/3_G_b_11/02/1000/3_G_b_11_02_009/full/125,/0/default.jpg",2000,1583
3_G_b_11_02,https://nakamura196.github.io/toyo_images/gazou/2009/3_G_b_11/02/1000/3_G_b_11_02_010/info.json,"https://nakamura196.github.io/toyo_images/gazou/2009/3_G_b_11/02/1000/3_G_b_11_02_010/full/125,/0/default.jpg",2000,1583
3_G_b_11_02,https://nakamura196.github.io/toyo_images/gazou/2009/3_G_b_11/02/1000/3_G_b_11_02_011/info.json,"https://nakamura196.github.io/toyo_images/gazou/2009/3_G_b_11/02/1000/3_G_b_11_02_011/full/125,/0/default.jpg",2000,1583
3_G_b_11_02,https://nakamura196.github.io/toyo_images/gazou/2009/3_G_b_11/02/1000/3_G_b_11_02_012/info.json,"https://nakamura196.github.io/toyo_images/gazou/2009/3_G_b_11/02/1000/3_G_b_11_02_012/full/125,/0/default.jpg",2000,1583
3_G_b_11_02,https://nakamura196.github.io/toyo_images/gazou/2009/3_G_b_11/02/1000/3_G_b_11_02_013/info.json,"https://nakamura196.github.io/toyo_images/gazou/2009/3_G_b_11/02/1000/3_G_b_11_02_013/full/125,/0/default.jpg",2000,1583
3_G_b_11_02,https://nakamura196.github.io/toyo_images/gazou/2009/3_G_b_11/02/1000/3_G_b_11_02_014/info.json,"https://nakamura196.github.io/toyo_images/gazou/2009/3_G_b_11/02/1000/3_G_b_11_02_014/full/125,/0/default.jpg",2000,1583
3_G_b_11_02,https://nakamura196.github.io/toyo_images/gazou/2009/3_G_b_11/02/1000/3_G_b_11_02_015/info.json,"https://nakamura196.github.io/toyo_images/gazou/2009/3_G_b_11/02/1000/3_G_b_11_02_015/full/125,/0/default.jpg",2000,1583
3_G_b_11_02,https://nakamura196.github.io/toyo_images/gazou/2009/3_G_b_11/02/1000/3_G_b_11_02_016/info.json,"https://nakamura196.github.io/toyo_images/gazou/2009/3_G_b_11/02/1000/3_G_b_11_02_016/full/125,/0/default.jpg",2000,1583
3_G_b_11_02,https://nakamura196.github.io/toyo_images/gazou/2009/3_G_b_11/02/1000/3_G_b_11_02_017/info.json,"https://nakamura196.github.io/toyo_images/gazou/2009/3_G_b_11/02/1000/3_G_b_11_02_017/full/125,/0/default.jpg",2000,1583
3_G_b_11_02,https://nakamura196.github.io/toyo_images/gazou/2009/3_G_b_11/02/1000/3_G_b_11_02_018/info.json,"https://nakamura196.github.io/toyo_images/gazou/2009/3_G_b_11/02/1000/3_G_b_11_02_018/full/125,/0/default.jpg",2000,1583
XV-3-B-B-45,https://nakamura196.github.io/toyo_images/gazou/2009/XV-3-B-B-45/1000/IMG0001/info.json,"https://nakamura196.github.io/toyo_images/gazou/2009/XV-3-B-B-45/1000/IMG0001/full/125,/0/default.jpg",1000,786
XV-3-B-B-45,https://nakamura196.github.io/toyo_images/gazou/2009/XV-3-B-B-45/1000/IMG0002/info.json,"https://nakamura196.github.io/toyo_images/gazou/2009/XV-3-B-B-45/1000/IMG0002/full/125,/0/default.jpg",1000,786
XV-3-B-B-45,https://nakamura196.github.io/toyo_images/gazou/2009/XV-3-B-B-45/1000/IMG0003/info.json,"https://nakamura196.github.io/toyo_images/gazou/2009/XV-3-B-B-45/1000/IMG0003/full/125,/0/default.jpg",1000,786
XV-3-B-B-45,https://nakamura196.github.io/toyo_images/gazou/2009/XV-3-B-B-45/1000/IMG0004/info.json,"https://nakamura196.github.io/toyo_images/gazou/2009/XV-3-B-B-45/1000/IMG0004/full/125,/0/default.jpg",1000,786
XV-3-B-B-45,https://nakamura196.github.io/toyo_images/gazou/2009/XV-3-B-B-45/1000/IMG0005/info.json,"https://nakamura196.github.io/toyo_images/gazou/2009/XV-3-B-B-45/1000/IMG0005/full/125,/0/default.jpg",1000,786
XV-3-B-B-45,https://nakamura196.github.io/toyo_images/gazou/2009/XV-3-B-B-45/1000/IMG0006/info.json,"https://nakamura196.github.io/toyo_images/gazou/2009/XV-3-B-B-45/1000/IMG0006/full/125,/0/default.jpg",1000,786
XV-3-B-B-45,https://nakamura196.github.io/toyo_images/gazou/2009/XV-3-B-B-45/1000/IMG0007/info.json,"https://nakamura196.github.io/toyo_images/gazou/2009/XV-3-B-B-45/1000/IMG0007/full/125,/0/default.jpg",1000,786
XV-3-B-B-45,https://nakamura196.github.io/toyo_images/gazou/2009/XV-3-B-B-45/1000/IMG0008/info.json,"https://nakamura196.github.io/toyo_images/gazou/2009/XV-3-B-B-45/1000/IMG0008/full/125,/0/default.jpg",1000,786
XV-3-B-B-45,https://nakamura196.github.io/toyo_images/gazou/2009/XV-3-B-B-45/1000/IMG0009/info.json,"https://nakamura196.github.io/toyo_images/gazou/2009/XV-3-B-B-45/1000/IMG0009/full/125,/0/default.jpg",1000,786
XV-3-B-B-45,https://nakamura196.github.io/toyo_images/gazou/2009/XV-3-B-B-45/1000/IMG0010/info.json,"https://nakamura196.github.io/toyo_images/gazou/2009/XV-3-B-B-45/1000/IMG0010/full/125,/0/default.jpg",1000,786
XV-3-B-B-45,https://nakamura196.github.io/toyo_images/gazou/2009/XV-3-B-B-45/1000/IMG0011/info.json,"https://nakamura196.github.io/toyo_images/gazou/2009/XV-3-B-B-45/1000/IMG0011/full/125,/0/default.jpg",1000,786
XV-3-B-B-45,https://nakamura196.github.io/toyo_images/gazou/2009/XV-3-B-B-45/1000/IMG0012/info.json,"https://nakamura196.github.io/toyo_images/gazou/2009/XV-3-B-B-45/1000/IMG0012/full/125,/0/default.jpg",1000,786
XV-3-B-B-45,https://nakamura196.github.io/toyo_images/gazou/2009/XV-3-B-B-45/1000/IMG0013/info.json,"https://nakamura196.github.io/toyo_images/gazou/2009/XV-3-B-B-45/1000/IMG0013/full/125,/0/default.jpg",1000,786
XV-3-B-B-45,https://nakamura196.github.io/toyo_images/gazou/2009/XV-3-B-B-45/1000/IMG0014/info.json,"https://nakamura196.github.io/toyo_images/gazou/2009/XV-3-B-B-45/1000/IMG0014/full/125,/0/default.jpg",1000,786
XV-3-B-B-45,https://nakamura196.github.io/toyo_images/gazou/2009/XV-3-B-B-45/1000/IMG0015/info.json,"https://nakamura196.github.io/toyo_images/gazou/2009/XV-3-B-B-45/1000/IMG0015/full/125,/0/default.jpg",1000,786
XV-3-B-B-45,https://nakamura196.github.io/toyo_images/gazou/2009/XV-3-B-B-45/1000/IMG0016/info.json,"https://nakamura196.github.io/toyo_images/gazou/2009/XV-3-B-B-45/1000/IMG0016/full/125,/0/default.jpg",1000,786
XV-3-B-B-45,https://nakamura196.github.io/toyo_images/gazou/2009/XV-3-B-B-45/1000/IMG0017/info.json,"https://nakamura196.github.io/toyo_images/gazou/2009/XV-3-B-B-45/1000/IMG0017/full/125,/0/default.jpg",1000,786
XV-3-B-B-45,https://nakamura196.github.io/toyo_images/gazou/2009/XV-3-B-B-45/1000/IMG0018/info.json,"https://nakamura196.github.io/toyo_images/gazou/2009/XV-3-B-B-45/1000/IMG0018/full/125,/0/default.jpg",1000,786
XV-3-B-B-45,https://nakamura196.github.io/toyo_images/gazou/2009/XV-3-B-B-45/1000/IMG0019/info.json,"https://nakamura196.github.io/toyo_images/gazou/2009/XV-3-B-B-45/1000/IMG0019/full/125,/0/default.jpg",1000,786
XV-3-B-B-45,https://nakamura196.github.io/toyo_images/gazou/2009/XV-3-B-B-45/1000/IMG0020/info.json,"https://nakamura196.github.io/toyo_images/gazou/2009/XV-3-B-B-45/1000/IMG0020/full/125,/0/default.jpg",1000,786
XV-3-B-B-45,https://nakamura196.github.io/toyo_images/gazou/2009/XV-3-B-B-45/1000/IMG0021/info.json,"https://nakamura196.github.io/toyo_images/gazou/2009/XV-3-B-B-45/1000/IMG0021/full/125,/0/default.jpg",1000,786
XV-3-B-B-45,https://nakamura196.github.io/toyo_images/gazou/2009/XV-3-B-B-45/1000/IMG0022/info.json,"https://nakamura196.github.io/toyo_images/gazou/2009/XV-3-B-B-45/1000/IMG0022/full/125,/0/default.jpg",1000,786
XV-3-B-B-45,https://nakamura196.github.io/toyo_images/gazou/2009/XV-3-B-B-45/1000/IMG0023/info.json,"https://nakamura196.github.io/toyo_images/gazou/2009/XV-3-B-B-45/1000/IMG0023/full/125,/0/default.jpg",1000,786
XV-3-B-B-45,https://nakamura196.github.io/toyo_images/gazou/2009/XV-3-B-B-45/1000/IMG0024/info.json,"https://nakamura196.github.io/toyo_images/gazou/2009/XV-3-B-B-45/1000/IMG0024/full/125,/0/default.jpg",1000,786
XV-3-B-B-45,https://nakamura196.github.io/toyo_images/gazou/2009/XV-3-B-B-45/1000/IMG0025/info.json,"https://nakamura196.github.io/toyo_images/gazou/2009/XV-3-B-B-45/1000/IMG0025/full/125,/0/default.jpg",1000,786
XV-3-B-B-45,https://nakamura196.github.io/toyo_images/gazou/2009/XV-3-B-B-45/1000/IMG0026/info.json,"https://nakamura196.github.io/toyo_images/gazou/2009/XV-3-B-B-45/1000/IMG0026/full/125,/0/default.jpg",1000,786
XV-3-B-B-45,https://nakamura196.github.io/toyo_images/gazou/2009/XV-3-B-B-45/1000/IMG0027/info.json,"https://nakamura196.github.io/toyo_images/gazou/2009/XV-3-B-B-45/1000/IMG0027/full/125,/0/default.jpg",1000,786
XV-3-B-B-45,https://nakamura196.github.io/toyo_images/gazou/2009/XV-3-B-B-45/1000/IMG0028/info.json,"https://nakamura196.github.io/toyo_images/gazou/2009/XV-3-B-B-45/1000/IMG0028/full/125,/0/default.jpg",1000,786
XV-3-B-B-45,https://nakamura196.github.io/toyo_images/gazou/2009/XV-3-B-B-45/1000/IMG0029/info.json,"https://nakamura196.github.io/toyo_images/gazou/2009/XV-3-B-B-45/1000/IMG0029/full/125,/0/default.jpg",1000,786
XV-3-B-B-45,https://nakamura196.github.io/toyo_images/gazou/2009/XV-3-B-B-45/1000/IMG0030/info.json,"https://nakamura196.github.io/toyo_images/gazou/2009/XV-3-B-B-45/1000/IMG0030/full/125,/0/default.jpg",1000,786
XV-3-B-B-45,https://nakamura196.github.io/toyo_images/gazou/2009/XV-3-B-B-45/1000/IMG0031/info.json,"https://nakamura196.github.io/toyo_images/gazou/2009/XV-3-B-B-45/1000/IMG0031/full/125,/0/default.jpg",1000,786
XV-3-B-B-45,https://nakamura196.github.io/toyo_images/gazou/2009/XV-3-B-B-45/1000/IMG0032/info.json,"https://nakamura196.github.io/toyo_images/gazou/2009/XV-3-B-B-45/1000/IMG0032/full/125,/0/default.jpg",1000,786
XV-3-B-B-45,https://nakamura196.github.io/toyo_images/gazou/2009/XV-3-B-B-45/1000/IMG0033/info.json,"https://nakamura196.github.io/toyo_images/gazou/2009/XV-3-B-B-45/1000/IMG0033/full/125,/0/default.jpg",1000,786
XV-3-B-B-45,https://nakamura196.github.io/toyo_images/gazou/2009/XV-3-B-B-45/1000/IMG0034/info.json,"https://nakamura196.github.io/toyo_images/gazou/2009/XV-3-B-B-45/1000/IMG0034/full/125,/0/default.jpg",1000,786
XV-3-B-B-45,https://nakamura196.github.io/toyo_images/gazou/2009/XV-3-B-B-45/1000/IMG0035/info.json,"https://nakamura196.github.io/toyo_images/gazou/2009/XV-3-B-B-45/1000/IMG0035/full/125,/0/default.jpg",1000,786
XV-3-B-B-45,https://nakamura196.github.io/toyo_images/gazou/2009/XV-3-B-B-45/1000/IMG0036/info.json,"https://nakamura196.github.io/toyo_images/gazou/2009/XV-3-B-B-45/1000/IMG0036/full/125,/0/default.jpg",1000,786
XV-3-B-B-45,https://nakamura196.github.io/toyo_images/gazou/2009/XV-3-B-B-45/1000/IMG0037/info.json,"https://nakamura196.github.io/toyo_images/gazou/2009/XV-3-B-B-45/1000/IMG0037/full/125,/0/default.jpg",1000,786
XV-3-B-B-45,https://nakamura196.github.io/toyo_images/gazou/2009/XV-3-B-B-45/1000/IMG0038/info.json,"https://nakamura196.github.io/toyo_images/gazou/2009/XV-3-B-B-45/1000/IMG0038/full/125,/0/default.jpg",1000,786
XV-3-B-B-45,https://nakamura196.github.io/toyo_images/gazou/2009/XV-3-B-B-45/1000/IMG0039/info.json,"https://nakamura196.github.io/toyo_images/gazou/2009/XV-3-B-B-45/1000/IMG0039/full/125,/0/default.jpg",1000,786
XV-3-B-B-45,https://nakamura196.github.io/toyo_images/gazou/2009/XV-3-B-B-45/1000/IMG0040/info.json,"https://nakamura196.github.io/toyo_images/gazou/2009/XV-3-B-B-45/1000/IMG0040/full/125,/0/default.jpg",1000,786
XV-3-B-B-45,https://nakamura196.github.io/toyo_images/gazou/2009/XV-3-B-B-45/1000/IMG0041/info.json,"https://nakamura196.github.io/toyo_images/gazou/2009/XV-3-B-B-45/1000/IMG0041/full/125,/0/default.jpg",1000,786
